# Cr codon-pair score (CPS, Coleman 2008): ln( observed / expected ) for
# each adjacent in-frame sense codon pair, from 5,000 real Cr CDS. <0 =
# under-represented pair (translational drag); >0 = over-represented.
pair	cps
AAAAAA	-0.2555
AAAAAC	-0.2838
AAAAAG	-0.1580
AAAAAT	0.5157
AAAACA	0.5022
AAAACC	0.1271
AAAACG	-0.1169
AAAACT	0.4216
AAAAGA	-0.8980
AAAAGC	0.0087
AAAAGG	0.2032
AAAAGT	-0.0632
AAAATA	0.6429
AAAATC	0.1520
AAAATG	0.1367
AAAATT	0.4161
AAACAA	0.5105
AAACAC	0.1534
AAACAG	-0.1861
AAACAT	0.4410
AAACCA	0.3786
AAACCC	0.1363
AAACCG	-0.4658
AAACCT	-0.2711
AAACGA	0.5664
AAACGC	-0.0686
AAACGG	-0.0811
AAACGT	-0.0226
AAACTA	0.3969
AAACTC	0.4282
AAACTG	-0.4582
AAACTT	0.3541
AAAGAA	0.8258
AAAGAC	-0.0485
AAAGAG	-0.4756
AAAGAT	0.1491
AAAGCA	0.4903
AAAGCC	0.0182
AAAGCG	-0.2761
AAAGCT	0.3161
AAAGGA	0.5859
AAAGGC	-0.0819
AAAGGG	0.1499
AAAGGT	-0.1334
AAAGTA	0.9521
AAAGTC	0.4390
AAAGTG	-0.4314
AAAGTT	0.4159
AAATAC	0.0532
AAATAT	0.6355
AAATCA	0.7579
AAATCC	0.2546
AAATCG	0.0700
AAATCT	0.1505
AAATGC	0.5756
AAATGG	0.6498
AAATGT	0.6874
AAATTA	0.9727
AAATTC	-0.2657
AAATTG	0.1682
AAATTT	0.1395
AACAAA	0.0112
AACAAC	0.0907
AACAAG	0.0612
AACAAT	-0.2128
AACACA	0.0439
AACACC	0.1739
AACACG	0.0338
AACACT	-0.4617
AACAGA	0.0981
AACAGC	0.3761
AACAGG	0.4800
AACAGT	-0.1887
AACATA	-0.2461
AACATC	0.1886
AACATG	0.0589
AACATT	-0.3868
AACCAA	-0.2174
AACCAC	0.0650
AACCAG	0.0649
AACCAT	-0.0891
AACCCA	-0.2660
AACCCC	0.2912
AACCCG	-0.1115
AACCCT	-0.4186
AACCGA	-0.4333
AACCGC	0.1510
AACCGG	-0.2273
AACCGT	-0.3519
AACCTA	-0.0133
AACCTC	0.0663
AACCTG	0.0582
AACCTT	-0.0248
AACGAA	-0.2720
AACGAC	-0.0592
AACGAG	-0.1315
AACGAT	-0.4451
AACGCA	-0.2874
AACGCC	0.2704
AACGCG	-0.3691
AACGCT	-0.6328
AACGGA	-0.2473
AACGGC	0.0351
AACGGG	-0.4446
AACGGT	-0.3631
AACGTA	-0.2764
AACGTC	0.0731
AACGTG	-0.1500
AACGTT	-0.2632
AACTAC	0.0393
AACTAT	0.0146
AACTCA	-0.5862
AACTCC	-0.2158
AACTCG	-0.1614
AACTCT	-0.5316
AACTGC	0.0998
AACTGG	0.0423
AACTGT	-0.7232
AACTTA	-0.3761
AACTTC	0.0927
AACTTG	-0.0366
AACTTT	-0.2479
AAGAAA	-0.4300
AAGAAC	0.0151
AAGAAG	0.0306
AAGAAT	-0.0861
AAGACA	-0.5573
AAGACC	0.0811
AAGACG	0.0357
AAGACT	-0.2789
AAGAGA	-0.8730
AAGAGC	-0.0392
AAGAGG	-0.4115
AAGAGT	-0.8592
AAGATA	-0.1086
AAGATC	-0.0701
AAGATG	-0.0206
AAGATT	0.1126
AAGCAA	-0.2795
AAGCAC	-0.0293
AAGCAG	0.0240
AAGCAT	-0.0023
AAGCCA	-0.3139
AAGCCC	0.1701
AAGCCG	-0.1036
AAGCCT	-0.1351
AAGCGA	-0.2712
AAGCGC	0.0604
AAGCGG	0.0470
AAGCGT	-0.2140
AAGCTA	0.0463
AAGCTC	0.0507
AAGCTG	0.0200
AAGCTT	-0.0019
AAGGAA	-0.1818
AAGGAC	0.0267
AAGGAG	0.0266
AAGGAT	-0.2192
AAGGCA	-0.5098
AAGGCC	0.1031
AAGGCG	0.0216
AAGGCT	-0.1906
AAGGGA	-0.3873
AAGGGC	0.0871
AAGGGG	-0.2807
AAGGGT	-0.0934
AAGGTA	-0.7999
AAGGTC	0.1834
AAGGTG	-0.0510
AAGGTT	0.1677
AAGTAC	-0.0209
AAGTAT	-0.0090
AAGTCA	-0.0381
AAGTCC	0.0885
AAGTCG	0.0857
AAGTCT	-0.1677
AAGTGC	-0.0222
AAGTGG	-0.0876
AAGTGT	-0.6094
AAGTTA	-0.3886
AAGTTC	0.0437
AAGTTG	-0.4586
AAGTTT	-0.1898
AATAAA	0.1570
AATAAC	-1.0051
AATAAG	-0.9906
AATAAT	-0.2512
AATACA	-0.6092
AATACC	-1.1112
AATACG	-1.0535
AATACT	-0.7885
AATAGA	0.5036
AATAGC	-0.5481
AATAGG	-0.0692
AATAGT	-0.2716
AATATA	-0.9851
AATATC	-1.0029
AATATG	-0.8303
AATATT	-0.9755
AATCAA	0.0681
AATCAC	-0.7347
AATCAG	-0.6144
AATCAT	-0.1154
AATCCA	0.0284
AATCCC	-0.5805
AATCCG	-0.6658
AATCCT	-0.0021
AATCGA	-0.4184
AATCGC	-0.5500
AATCGG	-0.3640
AATCGT	0.0041
AATCTA	0.5246
AATCTC	-0.6207
AATCTG	-0.9035
AATCTT	-0.2609
AATGAA	1.3669
AATGAC	0.5939
AATGAG	0.6634
AATGAT	0.6528
AATGCA	0.6087
AATGCC	0.5886
AATGCG	0.4230
AATGCT	0.6318
AATGGA	1.0400
AATGGC	0.4372
AATGGG	0.4268
AATGGT	0.4706
AATGTA	0.9358
AATGTC	0.7394
AATGTG	0.5414
AATGTT	0.8921
AATTAC	-0.5718
AATTAT	0.2435
AATTCA	0.0135
AATTCC	-0.7871
AATTCG	-0.7003
AATTCT	-0.3638
AATTGC	-0.3483
AATTGG	-0.5434
AATTGT	-0.5289
AATTTA	0.6655
AATTTC	-0.5989
AATTTG	0.4132
AATTTT	-0.0943
ACAAAA	0.1935
ACAAAC	-0.2716
ACAAAG	-0.3030
ACAAAT	0.2908
ACAACA	0.3802
ACAACC	-0.4010
ACAACG	-0.5565
ACAACT	-0.2596
ACAAGA	0.7962
ACAAGC	-0.5682
ACAAGG	-0.2427
ACAAGT	-0.4160
ACAATA	0.4758
ACAATC	-0.6821
ACAATG	-0.7408
ACAATT	-0.3330
ACACAA	0.7083
ACACAC	0.8094
ACACAG	0.3376
ACACAT	0.4654
ACACCA	0.5220
ACACCC	0.2712
ACACCG	-0.3361
ACACCT	0.0547
ACACGA	0.9121
ACACGC	0.3758
ACACGG	0.2606
ACACGT	0.7491
ACACTA	0.2332
ACACTC	0.4858
ACACTG	0.0015
ACACTT	0.1328
ACAGAA	0.8090
ACAGAC	0.0067
ACAGAG	-0.1967
ACAGAT	-0.0689
ACAGCA	0.5491
ACAGCC	0.3824
ACAGCG	-0.2552
ACAGCT	0.1073
ACAGGA	0.1572
ACAGGC	-0.0852
ACAGGG	0.1917
ACAGGT	-0.0781
ACAGTA	0.4051
ACAGTC	0.1810
ACAGTG	-0.2797
ACAGTT	0.0933
ACATAC	-0.6662
ACATAT	-0.2789
ACATCA	0.4931
ACATCC	-0.1863
ACATCG	-0.4127
ACATCT	-0.2024
ACATGC	-0.0761
ACATGG	-0.3074
ACATGT	0.1994
ACATTA	0.3921
ACATTC	-0.4273
ACATTG	0.5321
ACATTT	-0.1796
ACCAAA	0.2830
ACCAAC	0.5613
ACCAAG	0.5302
ACCAAT	0.3011
ACCACA	0.3255
ACCACC	0.7835
ACCACG	-0.0259
ACCACT	0.2910
ACCAGA	-0.0118
ACCAGC	0.4815
ACCAGG	-0.2652
ACCAGT	0.2229
ACCATA	0.0066
ACCATC	0.6084
ACCATG	0.4887
ACCATT	0.4398
ACCCAA	-0.9300
ACCCAC	-0.6886
ACCCAG	-0.6029
ACCCAT	-0.7646
ACCCCA	-0.9359
ACCCCC	-0.5365
ACCCCG	-1.4415
ACCCCT	-0.8368
ACCCGA	-0.6125
ACCCGC	-0.2181
ACCCGG	-0.8954
ACCCGT	-0.7560
ACCCTA	-0.6971
ACCCTC	-0.3205
ACCCTG	-0.6905
ACCCTT	-0.6819
ACCGAA	-0.4594
ACCGAC	-0.1508
ACCGAG	-0.3651
ACCGAT	-0.4685
ACCGCA	-0.2687
ACCGCC	0.3054
ACCGCG	-0.6890
ACCGCT	-0.1778
ACCGGA	-0.3671
ACCGGC	0.0441
ACCGGG	-0.4197
ACCGGT	-0.2299
ACCGTA	-0.3646
ACCGTC	0.3211
ACCGTG	-0.2666
ACCGTT	-0.1558
ACCTAC	0.3938
ACCTAT	-0.0215
ACCTCA	-0.1812
ACCTCC	0.4794
ACCTCG	0.1482
ACCTCT	0.0325
ACCTGC	0.2728
ACCTGG	0.1164
ACCTGT	-0.6180
ACCTTA	-0.6982
ACCTTC	0.3074
ACCTTG	-0.4861
ACCTTT	0.3205
ACGAAA	-0.3474
ACGAAC	-1.4182
ACGAAG	-1.3202
ACGAAT	-0.5102
ACGACA	-0.7259
ACGACC	-0.9959
ACGACG	-0.8040
ACGACT	-0.6759
ACGAGA	-0.1299
ACGAGC	-1.2799
ACGAGG	-0.7684
ACGAGT	-0.8885
ACGATA	0.0016
ACGATC	-1.7222
ACGATG	-0.8501
ACGATT	-0.7950
ACGCAA	0.4453
ACGCAC	0.3430
ACGCAG	0.3883
ACGCAT	0.2615
ACGCCA	0.6385
ACGCCC	0.6748
ACGCCG	0.5539
ACGCCT	0.1898
ACGCGA	0.1697
ACGCGC	0.2043
ACGCGG	0.4360
ACGCGT	0.2141
ACGCTA	0.4474
ACGCTC	0.5931
ACGCTG	0.4534
ACGCTT	0.3383
ACGGAA	0.3509
ACGGAC	0.1346
ACGGAG	0.2974
ACGGAT	0.2000
ACGGCA	-0.0952
ACGGCC	-0.2878
ACGGCG	0.1314
ACGGCT	-0.1224
ACGGGA	-0.2574
ACGGGC	-0.1410
ACGGGG	0.2456
ACGGGT	0.0329
ACGGTA	0.2452
ACGGTC	-0.0782
ACGGTG	0.0885
ACGGTT	-0.0240
ACGTAC	-0.3756
ACGTAT	-0.1285
ACGTCA	0.3395
ACGTCC	-0.3625
ACGTCG	-0.1333
ACGTCT	-0.3165
ACGTGC	-0.2950
ACGTGG	-0.0152
ACGTGT	0.0347
ACGTTA	0.6410
ACGTTC	-0.4144
ACGTTG	0.5716
ACGTTT	0.0647
ACTAAA	0.0779
ACTAAC	-1.0604
ACTAAG	-0.7699
ACTAAT	-0.8048
ACTACA	-0.5163
ACTACC	-0.7866
ACTACG	-1.1776
ACTACT	0.0568
ACTAGA	-0.2014
ACTAGC	-0.4954
ACTAGG	-0.8432
ACTAGT	-0.2470
ACTATA	-0.2595
ACTATC	-0.8761
ACTATG	-0.4845
ACTATT	-0.2378
ACTCAA	0.1331
ACTCAC	-0.8176
ACTCAG	-0.1593
ACTCAT	-0.0015
ACTCCA	-0.3425
ACTCCC	-0.0337
ACTCCG	-0.6299
ACTCCT	0.3022
ACTCGA	-0.0762
ACTCGC	0.2163
ACTCGG	-0.0370
ACTCGT	0.3606
ACTCTA	0.0764
ACTCTC	-0.4707
ACTCTG	-0.3681
ACTCTT	0.0263
ACTGAA	0.6159
ACTGAC	0.1799
ACTGAG	0.2227
ACTGAT	0.4782
ACTGCA	0.3746
ACTGCC	0.6177
ACTGCG	-0.0153
ACTGCT	1.0684
ACTGGA	0.5895
ACTGGC	0.4108
ACTGGG	0.2785
ACTGGT	0.6569
ACTGTA	0.7549
ACTGTC	0.4179
ACTGTG	0.3057
ACTGTT	0.6397
ACTTAC	-0.7706
ACTTAT	-0.3976
ACTTCA	0.0617
ACTTCC	-0.1563
ACTTCG	-0.5215
ACTTCT	0.3695
ACTTGC	-0.3743
ACTTGG	-0.3477
ACTTGT	0.0826
ACTTTA	-0.7680
ACTTTC	-0.7119
ACTTTG	0.1903
ACTTTT	-0.3499
AGAAAA	0.8783
AGAAAC	-0.5094
AGAAAG	-0.1756
AGAAAT	1.3123
AGAACA	0.4903
AGAACC	-0.3795
AGAACG	0.0096
AGAACT	0.2746
AGAAGA	1.5746
AGAAGC	0.1399
AGAAGG	0.0085
AGAAGT	-0.0598
AGAATA	0.5792
AGAATC	-0.8737
AGAATG	-0.2747
AGAATT	-0.4097
AGACAA	0.5612
AGACAC	-0.0246
AGACAG	-0.2249
AGACAT	-0.1718
AGACCA	0.5139
AGACCC	-0.3597
AGACCG	-0.2955
AGACCT	-0.1685
AGACGA	0.3648
AGACGC	-0.6843
AGACGG	-0.6850
AGACGT	-0.1189
AGACTA	0.6419
AGACTC	-0.2882
AGACTG	-0.8495
AGACTT	0.4424
AGAGAA	0.7350
AGAGAC	0.0426
AGAGAG	-0.0107
AGAGAT	0.6778
AGAGCA	0.5464
AGAGCC	0.1438
AGAGCG	0.1609
AGAGCT	0.5732
AGAGGA	1.3829
AGAGGC	0.4031
AGAGGG	0.7967
AGAGGT	0.7689
AGAGTA	-1.2548
AGAGTC	0.0186
AGAGTG	-1.0654
AGAGTT	0.0466
AGATAC	0.4167
AGATAT	0.7581
AGATCA	0.8613
AGATCC	-0.3070
AGATCG	-0.6198
AGATCT	0.6818
AGATGC	0.1974
AGATGG	0.3607
AGATGT	1.1332
AGATTA	0.8008
AGATTC	-0.6688
AGATTG	0.0245
AGATTT	-0.0718
AGCAAA	0.1232
AGCAAC	0.0945
AGCAAG	0.1520
AGCAAT	0.4443
AGCACA	-0.1524
AGCACC	0.1004
AGCACG	-0.2159
AGCACT	0.3858
AGCAGA	0.4352
AGCAGC	0.7291
AGCAGG	0.6972
AGCAGT	0.9769
AGCATA	0.0218
AGCATC	-0.2984
AGCATG	-0.0634
AGCATT	-0.0221
AGCCAA	0.0049
AGCCAC	0.0314
AGCCAG	0.0281
AGCCAT	0.1355
AGCCCA	-0.4045
AGCCCC	-0.0413
AGCCCG	-0.4341
AGCCCT	-0.0624
AGCCGA	-0.3642
AGCCGC	0.2638
AGCCGG	-0.2815
AGCCGT	-0.0964
AGCCTA	-0.1733
AGCCTC	-0.0552
AGCCTG	-0.1616
AGCCTT	-0.1906
AGCGAA	-0.1984
AGCGAC	-0.1628
AGCGAG	-0.0317
AGCGAT	0.0565
AGCGCA	-0.3264
AGCGCC	0.0169
AGCGCG	-0.5913
AGCGCT	-0.1656
AGCGGA	-0.2031
AGCGGC	0.2778
AGCGGG	-0.1813
AGCGGT	0.0667
AGCGTA	-0.1142
AGCGTC	-0.0816
AGCGTG	-0.3940
AGCGTT	-0.0202
AGCTAC	-0.0138
AGCTAT	0.3125
AGCTCA	-0.5903
AGCTCC	-0.5069
AGCTCG	-0.5751
AGCTCT	-0.3585
AGCTGC	0.1862
AGCTGG	0.0653
AGCTGT	0.1957
AGCTTA	-0.0868
AGCTTC	-0.1026
AGCTTG	0.0386
AGCTTT	-0.0741
AGGAAA	-0.2823
AGGAAC	-0.2415
AGGAAG	-0.2982
AGGAAT	0.2694
AGGACA	-0.0135
AGGACC	-0.3538
AGGACG	-0.0450
AGGACT	-0.1928
AGGAGA	0.3450
AGGAGC	0.0031
AGGAGG	0.7794
AGGAGT	0.0033
AGGATA	-0.3991
AGGATC	-1.1756
AGGATG	-0.5800
AGGATT	-0.3895
AGGCAA	0.4520
AGGCAC	0.1800
AGGCAG	0.0872
AGGCAT	0.3540
AGGCCA	0.2615
AGGCCC	0.1089
AGGCCG	0.2909
AGGCCT	0.1675
AGGCGA	0.2804
AGGCGC	-0.2638
AGGCGG	0.2190
AGGCGT	0.1838
AGGCTA	-0.0602
AGGCTC	0.0447
AGGCTG	-0.0264
AGGCTT	0.0703
AGGGAA	0.0752
AGGGAC	0.0029
AGGGAG	0.0608
AGGGAT	0.2897
AGGGCA	0.0513
AGGGCC	0.0068
AGGGCG	0.1826
AGGGCT	0.1702
AGGGGA	-0.1585
AGGGGC	-0.2171
AGGGGG	0.0024
AGGGGT	0.0270
AGGGTA	0.0182
AGGGTC	-0.2779
AGGGTG	-0.5859
AGGGTT	0.1428
AGGTAC	0.3279
AGGTAT	0.4158
AGGTCA	0.4220
AGGTCC	0.1148
AGGTCG	0.0491
AGGTCT	0.6043
AGGTGC	-0.0131
AGGTGG	0.2697
AGGTGT	0.8481
AGGTTA	0.6334
AGGTTC	0.0846
AGGTTG	-0.1553
AGGTTT	0.1663
AGTAAA	-0.0844
AGTAAC	-0.9441
AGTAAG	-1.7523
AGTAAT	-0.4526
AGTACA	-0.4259
AGTACC	-0.8791
AGTACG	-0.9915
AGTACT	-0.4228
AGTAGA	0.5196
AGTAGC	0.9896
AGTAGG	-0.3717
AGTAGT	0.3542
AGTATA	0.1179
AGTATC	-1.0308
AGTATG	-1.0364
AGTATT	-0.8711
AGTCAA	0.0303
AGTCAC	-0.4204
AGTCAG	-0.2486
AGTCAT	0.1308
AGTCCA	-0.2359
AGTCCC	-0.7624
AGTCCG	-0.6033
AGTCCT	-0.4075
AGTCGA	-0.3800
AGTCGC	-0.2443
AGTCGG	-0.1489
AGTCGT	0.2547
AGTCTA	-0.1696
AGTCTC	-0.4224
AGTCTG	-0.6766
AGTCTT	-0.3163
AGTGAA	0.8642
AGTGAC	0.3384
AGTGAG	0.1450
AGTGAT	0.6426
AGTGCA	0.1605
AGTGCC	0.2256
AGTGCG	0.1512
AGTGCT	0.4907
AGTGGA	0.5052
AGTGGC	0.5286
AGTGGG	0.4602
AGTGGT	0.7896
AGTGTA	0.5990
AGTGTC	0.0775
AGTGTG	0.7293
AGTGTT	0.5575
AGTTAC	-1.3443
AGTTAT	-0.1236
AGTTCA	-0.8908
AGTTCC	-1.4206
AGTTCG	-1.5415
AGTTCT	-0.7644
AGTTGC	-0.8115
AGTTGG	-0.8350
AGTTGT	-0.5156
AGTTTA	0.0846
AGTTTC	-0.9140
AGTTTG	0.1556
AGTTTT	-1.0365
ATAAAA	-0.2747
ATAAAC	-0.6577
ATAAAG	-0.4639
ATAAAT	0.1607
ATAACA	-0.0549
ATAACC	-0.7705
ATAACG	-0.3766
ATAACT	-0.3993
ATAAGA	1.1211
ATAAGC	-0.6468
ATAAGG	-0.2319
ATAAGT	-0.3155
ATAATA	0.0943
ATAATC	-1.4355
ATAATG	-0.7186
ATAATT	-1.4824
ATACAA	0.7783
ATACAC	0.3699
ATACAG	0.5721
ATACAT	0.1375
ATACCA	0.2504
ATACCC	0.5932
ATACCG	0.0443
ATACCT	0.5171
ATACGA	0.5400
ATACGC	0.1664
ATACGG	0.3191
ATACGT	0.3339
ATACTA	0.0322
ATACTC	0.1242
ATACTG	-0.1793
ATACTT	0.0081
ATAGAA	1.1345
ATAGAC	0.2098
ATAGAG	0.0522
ATAGAT	0.1704
ATAGCA	0.2325
ATAGCC	-0.0808
ATAGCG	0.2422
ATAGCT	0.2328
ATAGGA	0.5707
ATAGGC	-0.1103
ATAGGG	0.3100
ATAGGT	-0.1021
ATAGTA	0.3837
ATAGTC	-0.3054
ATAGTG	-0.6319
ATAGTT	-0.5792
ATATAC	-0.3471
ATATAT	0.3460
ATATCA	0.5003
ATATCC	-0.4085
ATATCG	0.1093
ATATCT	0.2408
ATATGC	0.3219
ATATGG	0.3547
ATATGT	1.0416
ATATTA	1.5392
ATATTC	0.3990
ATATTG	0.9764
ATATTT	-0.0632
ATCAAA	-0.1427
ATCAAC	0.2264
ATCAAG	0.1864
ATCAAT	-0.0696
ATCACA	-0.0150
ATCACC	0.3270
ATCACG	0.0244
ATCACT	-0.0268
ATCAGA	-0.5141
ATCAGC	0.3530
ATCAGG	-0.1314
ATCAGT	0.0234
ATCATA	-0.3777
ATCATC	0.2500
ATCATG	0.1601
ATCATT	0.0141
ATCCAA	-0.4565
ATCCAC	0.0962
ATCCAG	0.0435
ATCCAT	-0.2739
ATCCCA	-0.5093
ATCCCC	0.2480
ATCCCG	-0.2110
ATCCCT	-0.4578
ATCCGA	-0.6591
ATCCGC	0.1834
ATCCGG	-0.1755
ATCCGT	0.0667
ATCCTA	-0.0097
ATCCTC	0.1614
ATCCTG	0.0726
ATCCTT	0.0274
ATCGAA	-0.6393
ATCGAC	-0.2535
ATCGAG	-0.3766
ATCGAT	-0.4180
ATCGCA	-0.6334
ATCGCC	0.1178
ATCGCG	-0.4021
ATCGCT	-0.6337
ATCGGA	-0.6217
ATCGGC	-0.0746
ATCGGG	-0.2458
ATCGGT	-0.2516
ATCGTA	-0.5052
ATCGTC	-0.1607
ATCGTG	-0.1704
ATCGTT	-0.3426
ATCTAC	0.1822
ATCTAT	-0.1906
ATCTCA	-0.5210
ATCTCC	0.1817
ATCTCG	-0.1500
ATCTCT	-0.5471
ATCTGC	0.0463
ATCTGG	0.0724
ATCTGT	-0.2861
ATCTTA	-0.3933
ATCTTC	0.1250
ATCTTG	-0.1572
ATCTTT	0.0168
ATGAAA	-0.3092
ATGAAC	-0.0069
ATGAAG	0.0134
ATGAAT	0.0103
ATGACA	-0.2560
ATGACC	-0.1243
ATGACG	0.1639
ATGACT	0.1307
ATGAGA	-0.5300
ATGAGC	-0.1536
ATGAGG	-0.2235
ATGAGT	-0.1344
ATGATA	-0.1686
ATGATC	-0.1043
ATGATG	-0.0060
ATGATT	0.3062
ATGCAA	-0.0197
ATGCAC	-0.0032
ATGCAG	-0.0049
ATGCAT	-0.0296
ATGCCA	-0.2220
ATGCCC	-0.0521
ATGCCG	0.0980
ATGCCT	-0.0890
ATGCGA	-0.2356
ATGCGC	-0.0108
ATGCGG	0.0608
ATGCGT	0.1057
ATGCTA	-0.0842
ATGCTC	0.1445
ATGCTG	-0.0782
ATGCTT	0.3762
ATGGAA	-0.2413
ATGGAC	-0.0067
ATGGAG	0.0088
ATGGAT	0.0062
ATGGCA	-0.2038
ATGGCC	-0.1092
ATGGCG	0.0729
ATGGCT	0.1752
ATGGGA	-0.2908
ATGGGC	0.0166
ATGGGG	-0.0445
ATGGGT	0.0716
ATGGTA	-0.4607
ATGGTC	0.0431
ATGGTG	-0.0093
ATGGTT	0.0761
ATGTAC	-0.0392
ATGTAT	0.2393
ATGTCA	0.0213
ATGTCC	-0.1815
ATGTCG	0.3099
ATGTCT	0.2190
ATGTGC	-0.0124
ATGTGG	-0.0064
ATGTGT	0.0440
ATGTTA	-0.1528
ATGTTC	-0.0554
ATGTTG	0.1463
ATGTTT	0.1935
ATTAAA	-0.4427
ATTAAC	-1.1430
ATTAAG	-0.8187
ATTAAT	-0.6051
ATTACA	-0.4215
ATTACC	-0.8876
ATTACG	-0.8411
ATTACT	-0.2643
ATTAGA	-0.3378
ATTAGC	-0.8402
ATTAGG	-0.9595
ATTAGT	-0.5762
ATTATA	-0.5380
ATTATC	-0.8150
ATTATG	-0.6459
ATTATT	-0.2540
ATTCAA	-0.0675
ATTCAC	-0.5167
ATTCAG	-0.3216
ATTCAT	0.1204
ATTCCA	0.0236
ATTCCC	0.1151
ATTCCG	-0.2860
ATTCCT	0.3010
ATTCGA	-0.4025
ATTCGC	-0.1454
ATTCGG	-0.4265
ATTCGT	0.3242
ATTCTA	0.1177
ATTCTC	-0.3996
ATTCTG	-0.4022
ATTCTT	0.1781
ATTGAA	0.7600
ATTGAC	0.5521
ATTGAG	0.7082
ATTGAT	0.5902
ATTGCA	0.1891
ATTGCC	0.4736
ATTGCG	0.4778
ATTGCT	0.5740
ATTGGA	0.6135
ATTGGC	0.3074
ATTGGG	0.3391
ATTGGT	0.5813
ATTGTA	0.6857
ATTGTC	0.3481
ATTGTG	0.5388
ATTGTT	0.6110
ATTTAC	-0.7358
ATTTAT	-0.4404
ATTTCA	-0.3143
ATTTCC	-0.6449
ATTTCG	-0.1176
ATTTCT	-0.6428
ATTTGC	-0.1864
ATTTGG	-0.4967
ATTTGT	-0.6405
ATTTTA	0.5704
ATTTTC	-0.6479
ATTTTG	0.0983
ATTTTT	-1.0009
CAAAAA	1.0352
CAAAAC	0.2340
CAAAAG	0.3103
CAAAAT	0.9820
CAAACA	0.6642
CAAACC	0.1138
CAAACG	0.2430
CAAACT	0.3424
CAAAGA	0.3349
CAAAGC	-0.0504
CAAAGG	0.1776
CAAAGT	0.5044
CAAATA	1.3990
CAAATC	0.3190
CAAATG	0.1316
CAAATT	0.4566
CAACAA	0.7833
CAACAC	0.0546
CAACAG	-0.2384
CAACAT	0.6815
CAACCA	0.5260
CAACCC	-0.5216
CAACCG	-0.1908
CAACCT	0.0139
CAACGA	0.5339
CAACGC	-0.5612
CAACGG	-0.3260
CAACGT	-0.0551
CAACTA	0.2011
CAACTC	-0.2184
CAACTG	-0.7253
CAACTT	0.1523
CAAGAA	0.8563
CAAGAC	0.1198
CAAGAG	-0.2425
CAAGAT	0.1041
CAAGCA	0.6062
CAAGCC	-0.1857
CAAGCG	-0.0978
CAAGCT	0.3677
CAAGGA	1.0315
CAAGGC	0.0399
CAAGGG	0.7025
CAAGGT	-0.1317
CAAGTA	0.6457
CAAGTC	0.3221
CAAGTG	-0.1611
CAAGTT	0.4937
CAATAC	-0.0967
CAATAT	0.2963
CAATCA	0.8174
CAATCC	0.0136
CAATCG	0.1350
CAATCT	0.5755
CAATGC	0.2636
CAATGG	0.0656
CAATGT	0.4246
CAATTA	0.9903
CAATTC	-0.2812
CAATTG	-0.2156
CAATTT	-0.0827
CACAAA	-0.0534
CACAAC	0.0943
CACAAG	0.0631
CACAAT	-0.2291
CACACA	0.0716
CACACC	0.0501
CACACG	0.2129
CACACT	-0.7647
CACAGA	0.3380
CACAGC	0.2149
CACAGG	0.4090
CACAGT	-0.5436
CACATA	0.1887
CACATC	0.1579
CACATG	0.0449
CACATT	-0.4230
CACCAA	0.2819
CACCAC	0.0513
CACCAG	-0.0776
CACCAT	-0.2181
CACCCA	-0.0059
CACCCC	0.1400
CACCCG	-0.0539
CACCCT	-0.4556
CACCGA	-0.1351
CACCGC	0.0854
CACCGG	-0.2086
CACCGT	-0.3046
CACCTA	-0.0135
CACCTC	0.0104
CACCTG	0.0486
CACCTT	-0.3323
CACGAA	-0.1173
CACGAC	-0.0134
CACGAG	-0.0666
CACGAT	-0.4618
CACGCA	-0.2012
CACGCC	0.1733
CACGCG	-0.2228
CACGCT	-0.6406
CACGGA	-0.3441
CACGGC	0.0693
CACGGG	-0.2269
CACGGT	-0.4765
CACGTA	-0.4745
CACGTC	-0.0399
CACGTG	-0.0037
CACGTT	-0.4258
CACTAC	0.0799
CACTAT	-0.4723
CACTCA	-0.3897
CACTCC	-0.1076
CACTCG	0.0860
CACTCT	-0.5871
CACTGC	0.0507
CACTGG	0.0491
CACTGT	-0.2408
CACTTA	-0.4212
CACTTC	0.0267
CACTTG	-0.0626
CACTTT	-0.0784
CAGAAA	-0.3217
CAGAAC	-0.0421
CAGAAG	-0.0422
CAGAAT	-0.1278
CAGACA	-0.3430
CAGACC	-0.0433
CAGACG	0.0817
CAGACT	-0.1679
CAGAGA	-0.9772
CAGAGC	-0.2788
CAGAGG	-0.6579
CAGAGT	-0.6991
CAGATA	-0.2115
CAGATC	-0.0463
CAGATG	-0.0221
CAGATT	-0.1074
CAGCAA	-0.1059
CAGCAC	-0.0246
CAGCAG	0.0116
CAGCAT	-0.0245
CAGCCA	-0.0073
CAGCCC	-0.0946
CAGCCG	0.1646
CAGCCT	-0.2461
CAGCGA	-0.0386
CAGCGC	0.0249
CAGCGG	0.2071
CAGCGT	-0.2793
CAGCTA	-0.0064
CAGCTC	-0.0159
CAGCTG	0.0743
CAGCTT	0.0114
CAGGAA	-0.3288
CAGGAC	0.0072
CAGGAG	0.0250
CAGGAT	-0.1878
CAGGCA	-0.2177
CAGGCC	-0.1535
CAGGCG	0.1729
CAGGCT	-0.1543
CAGGGA	-0.2190
CAGGGC	-0.0549
CAGGGG	0.1118
CAGGGT	-0.0835
CAGGTA	-0.7278
CAGGTC	0.0263
CAGGTG	-0.0061
CAGGTT	0.0930
CAGTAC	0.0059
CAGTAT	-0.0642
CAGTCA	-0.0588
CAGTCC	0.0674
CAGTCG	0.3349
CAGTCT	0.0316
CAGTGC	0.0010
CAGTGG	-0.0147
CAGTGT	-0.4356
CAGTTA	-1.4104
CAGTTC	0.0345
CAGTTG	-0.3350
CAGTTT	-0.0725
CATAAA	0.3576
CATAAC	-1.0432
CATAAG	-0.8762
CATAAT	0.1161
CATACA	-0.1169
CATACC	-1.0862
CATACG	-0.9580
CATACT	-0.3676
CATAGA	1.5258
CATAGC	-0.5683
CATAGG	-0.6052
CATAGT	-0.3594
CATATA	-0.1284
CATATC	-0.9853
CATATG	-0.5297
CATATT	-0.3552
CATCAA	0.9223
CATCAC	-0.4643
CATCAG	0.0854
CATCAT	0.5546
CATCCA	0.7099
CATCCC	-0.1636
CATCCG	-0.2285
CATCCT	-0.0096
CATCGA	0.3160
CATCGC	-0.2275
CATCGG	-0.1653
CATCGT	0.2483
CATCTA	-0.1608
CATCTC	-0.3644
CATCTG	-0.4151
CATCTT	0.4972
CATGAA	1.2861
CATGAC	0.3525
CATGAG	0.2842
CATGAT	0.5375
CATGCA	0.8073
CATGCC	0.3679
CATGCG	0.4031
CATGCT	0.5648
CATGGA	0.7015
CATGGC	0.0503
CATGGG	0.6415
CATGGT	0.2211
CATGTA	1.1282
CATGTC	0.2422
CATGTG	0.1360
CATGTT	0.7520
CATTAC	-0.5101
CATTAT	0.3647
CATTCA	0.2405
CATTCC	-0.2097
CATTCG	-0.1144
CATTCT	0.1796
CATTGC	-0.2372
CATTGG	-0.5958
CATTGT	-0.1983
CATTTA	1.0098
CATTTC	-0.2081
CATTTG	0.7724
CATTTT	0.1799
CCAAAA	0.1198
CCAAAC	-0.1975
CCAAAG	-0.2827
CCAAAT	0.4411
CCAACA	0.2728
CCAACC	-0.1823
CCAACG	-0.3396
CCAACT	0.2728
CCAAGA	0.6295
CCAAGC	-0.4259
CCAAGG	0.0113
CCAAGT	-0.4296
CCAATA	-0.1998
CCAATC	-0.7703
CCAATG	-0.3560
CCAATT	0.1170
CCACAA	0.4628
CCACAC	0.0829
CCACAG	-0.0115
CCACAT	0.5199
CCACCA	0.7654
CCACCC	-0.3475
CCACCG	0.0042
CCACCT	0.1691
CCACGA	0.4494
CCACGC	-0.2159
CCACGG	-0.1139
CCACGT	0.5171
CCACTA	0.3167
CCACTC	-0.2142
CCACTG	-0.3223
CCACTT	0.2910
CCAGAA	0.7778
CCAGAC	-0.0949
CCAGAG	-0.1575
CCAGAT	0.2744
CCAGCA	0.8974
CCAGCC	0.0782
CCAGCG	-0.0216
CCAGCT	0.2972
CCAGGA	0.4867
CCAGGC	0.0040
CCAGGG	0.5831
CCAGGT	0.0959
CCAGTA	0.7722
CCAGTC	0.4164
CCAGTG	-0.0296
CCAGTT	0.1471
CCATAC	-0.6083
CCATAT	0.1664
CCATCA	0.9458
CCATCC	-0.1077
CCATCG	0.2455
CCATCT	0.6292
CCATGC	-0.0621
CCATGG	-0.0618
CCATGT	0.1893
CCATTA	0.8152
CCATTC	-0.6899
CCATTG	0.2242
CCATTT	-0.0520
CCCAAA	0.4037
CCCAAC	0.7129
CCCAAG	0.6499
CCCAAT	0.1567
CCCACA	0.6469
CCCACC	0.7060
CCCACG	0.3240
CCCACT	0.3875
CCCAGA	-0.2779
CCCAGC	0.4119
CCCAGG	0.1171
CCCAGT	-0.1518
CCCATA	0.2259
CCCATC	0.7904
CCCATG	0.5842
CCCATT	0.2868
CCCCAA	-0.5649
CCCCAC	-0.7745
CCCCAG	-0.7076
CCCCAT	-0.7501
CCCCCA	-1.2748
CCCCCC	-1.6888
CCCCCG	-1.2470
CCCCCT	-0.7672
CCCCGA	-0.5242
CCCCGC	-0.4027
CCCCGG	-0.8987
CCCCGT	-0.4536
CCCCTA	-0.8516
CCCCTC	-0.7686
CCCCTG	-0.9171
CCCCTT	-0.9092
CCCGAA	-0.2372
CCCGAC	0.1927
CCCGAG	0.0503
CCCGAT	-0.2407
CCCGCA	-0.0278
CCCGCC	0.3500
CCCGCG	-0.4017
CCCGCT	-0.1578
CCCGGA	-0.1505
CCCGGC	0.0911
CCCGGG	-0.1880
CCCGGT	-0.3202
CCCGTA	-0.1212
CCCGTC	0.2200
CCCGTG	-0.1521
CCCGTT	-0.2528
CCCTAC	0.3341
CCCTAT	-0.3118
CCCTCA	0.0235
CCCTCC	0.4751
CCCTCG	0.3582
CCCTCT	0.5505
CCCTGC	0.3901
CCCTGG	0.4340
CCCTGT	-0.2143
CCCTTA	-0.7515
CCCTTC	0.5589
CCCTTG	-0.7547
CCCTTT	0.0602
CCGAAA	-0.9184
CCGAAC	-1.5179
CCGAAG	-1.3761
CCGAAT	-1.1260
CCGACA	-0.7484
CCGACC	-1.0631
CCGACG	-0.8686
CCGACT	-0.5361
CCGAGA	-0.4675
CCGAGC	-1.5331
CCGAGG	-0.9103
CCGAGT	-1.2196
CCGATA	-0.8845
CCGATC	-1.8266
CCGATG	-1.0023
CCGATT	-0.9721
CCGCAA	0.3234
CCGCAC	0.4776
CCGCAG	0.4344
CCGCAT	0.1494
CCGCCA	0.4702
CCGCCC	0.3090
CCGCCG	0.6865
CCGCCT	0.3697
CCGCGA	0.6859
CCGCGC	0.3489
CCGCGG	0.3223
CCGCGT	0.3757
CCGCTA	0.4048
CCGCTC	0.4987
CCGCTG	0.5733
CCGCTT	0.4823
CCGGAA	-0.1882
CCGGAC	-0.1926
CCGGAG	-0.0332
CCGGAT	-0.1434
CCGGCA	0.0493
CCGGCC	-0.3865
CCGGCG	0.0429
CCGGCT	-0.1737
CCGGGA	-0.1217
CCGGGC	-0.2035
CCGGGG	0.2541
CCGGGT	-0.0361
CCGGTA	-0.0823
CCGGTC	-0.1243
CCGGTG	-0.0337
CCGGTT	-0.1348
CCGTAC	-0.1211
CCGTAT	-0.5797
CCGTCA	0.1377
CCGTCC	-0.5777
CCGTCG	-0.1424
CCGTCT	-0.0823
CCGTGC	-0.5452
CCGTGG	-0.5839
CCGTGT	-0.1540
CCGTTA	0.0954
CCGTTC	-0.6797
CCGTTG	0.0279
CCGTTT	-0.3606
CCTAAA	0.2359
CCTAAC	-1.1209
CCTAAG	-0.7557
CCTAAT	-0.9267
CCTACA	-0.3406
CCTACC	-0.8632
CCTACG	-0.9132
CCTACT	-0.2968
CCTAGA	0.2348
CCTAGC	-0.6122
CCTAGG	-0.5203
CCTAGT	-0.8560
CCTATA	-0.2914
CCTATC	-0.7350
CCTATG	-0.5745
CCTATT	-0.3531
CCTCAA	0.2101
CCTCAC	-0.3715
CCTCAG	-0.2829
CCTCAT	0.0545
CCTCCA	0.1691
CCTCCC	0.3295
CCTCCG	-0.2715
CCTCCT	1.2968
CCTCGA	-0.2018
CCTCGC	0.2609
CCTCGG	-0.3283
CCTCGT	0.5050
CCTCTA	-0.4091
CCTCTC	-0.3694
CCTCTG	-0.5133
CCTCTT	0.1982
CCTGAA	0.6062
CCTGAC	0.0207
CCTGAG	-0.0115
CCTGAT	0.3167
CCTGCA	0.4905
CCTGCC	0.1530
CCTGCG	-0.0952
CCTGCT	0.9261
CCTGGA	0.5581
CCTGGC	0.0149
CCTGGG	0.3819
CCTGGT	0.3000
CCTGTA	0.7463
CCTGTC	0.2078
CCTGTG	0.2533
CCTGTT	0.8685
CCTTAC	-0.5473
CCTTAT	-0.5059
CCTTCA	0.5545
CCTTCC	0.0613
CCTTCG	0.1850
CCTTCT	0.9411
CCTTGC	-0.1266
CCTTGG	-0.5161
CCTTGT	0.3542
CCTTTA	0.4613
CCTTTC	-0.4784
CCTTTG	-0.0613
CCTTTT	-0.2855
CGAAAA	0.4795
CGAAAC	-0.5476
CGAAAG	-0.7120
CGAAAT	0.1025
CGAACA	-0.2230
CGAACC	-0.6241
CGAACG	-0.4184
CGAACT	0.0031
CGAAGA	0.2471
CGAAGC	-0.5160
CGAAGG	-0.1365
CGAAGT	-0.0656
CGAATA	-0.0427
CGAATC	-0.6806
CGAATG	-0.3466
CGAATT	-0.4299
CGACAA	0.8296
CGACAC	0.3971
CGACAG	0.0930
CGACAT	0.6661
CGACCA	0.4673
CGACCC	0.2711
CGACCG	-0.2003
CGACCT	0.6872
CGACGA	0.4544
CGACGC	-0.7154
CGACGG	-0.6291
CGACGT	-0.1048
CGACTA	0.4682
CGACTC	0.3859
CGACTG	0.3646
CGACTT	0.4366
CGAGAA	0.2592
CGAGAC	0.0212
CGAGAG	-0.2947
CGAGAT	0.2037
CGAGCA	0.2469
CGAGCC	0.3082
CGAGCG	-0.2215
CGAGCT	0.0704
CGAGGA	0.8237
CGAGGC	-0.0760
CGAGGG	0.4956
CGAGGT	0.1283
CGAGTA	0.8312
CGAGTC	0.2925
CGAGTG	0.3068
CGAGTT	0.1867
CGATAC	-0.0720
CGATAT	0.2956
CGATCA	0.1905
CGATCC	-0.7962
CGATCG	-0.9933
CGATCT	-0.2597
CGATGC	-0.1170
CGATGG	0.1703
CGATGT	0.4541
CGATTA	1.2958
CGATTC	-0.3857
CGATTG	0.6428
CGATTT	-0.0652
CGCAAA	0.1603
CGCAAC	0.3888
CGCAAG	0.3465
CGCAAT	0.2698
CGCACA	0.1386
CGCACC	0.4822
CGCACG	0.2182
CGCACT	-0.0455
CGCAGA	-0.6843
CGCAGC	0.3528
CGCAGG	-0.3678
CGCAGT	0.2472
CGCATA	-0.0533
CGCATC	0.5222
CGCATG	0.4070
CGCATT	0.1184
CGCCAA	-0.5725
CGCCAC	-0.1847
CGCCAG	-0.4718
CGCCAT	-0.3960
CGCCCA	-0.6924
CGCCCC	-0.3615
CGCCCG	-0.7891
CGCCCT	-0.4429
CGCCGA	-0.5723
CGCCGC	-0.0284
CGCCGG	-0.7778
CGCCGT	-0.3729
CGCCTA	-0.6237
CGCCTC	-0.1919
CGCCTG	-0.3405
CGCCTT	-0.5407
CGCGAA	-0.3529
CGCGAC	0.0237
CGCGAG	-0.1013
CGCGAT	-0.2867
CGCGCA	-0.5310
CGCGCC	0.2488
CGCGCG	-0.3831
CGCGCT	-0.2823
CGCGGA	-0.3602
CGCGGC	0.2298
CGCGGG	-0.1969
CGCGGT	-0.0602
CGCGTA	-0.4621
CGCGTC	-0.0139
CGCGTG	-0.1542
CGCGTT	-0.1568
CGCTAC	0.2360
CGCTAT	0.1334
CGCTCA	-0.1392
CGCTCC	0.3546
CGCTCG	0.0623
CGCTCT	-0.0501
CGCTGC	0.3116
CGCTGG	0.2009
CGCTGT	0.0001
CGCTTA	-0.8097
CGCTTC	0.3822
CGCTTG	-0.6815
CGCTTT	-0.2114
CGGAAA	0.4440
CGGAAC	-1.0944
CGGAAG	-0.8343
CGGAAT	-0.4241
CGGACA	-0.2396
CGGACC	-0.9939
CGGACG	-0.5342
CGGACT	-0.7585
CGGAGA	1.0992
CGGAGC	-0.8365
CGGAGG	0.0121
CGGAGT	-0.5623
CGGATA	0.5349
CGGATC	-1.5646
CGGATG	-1.1959
CGGATT	-1.0092
CGGCAA	0.7262
CGGCAC	0.2790
CGGCAG	0.4996
CGGCAT	0.2373
CGGCCA	0.7661
CGGCCC	0.4765
CGGCCG	0.7274
CGGCCT	0.3586
CGGCGA	0.7012
CGGCGC	0.0976
CGGCGG	0.8958
CGGCGT	0.3548
CGGCTA	0.5795
CGGCTC	0.0388
CGGCTG	0.5433
CGGCTT	0.3648
CGGGAA	0.5128
CGGGAC	-0.2450
CGGGAG	0.0341
CGGGAT	-0.1140
CGGGCA	-0.2036
CGGGCC	-0.3284
CGGGCG	0.2806
CGGGCT	-0.2131
CGGGGA	-0.5419
CGGGGC	-0.6795
CGGGGG	-0.0735
CGGGGT	-0.4873
CGGGTA	-0.1887
CGGGTC	-0.6311
CGGGTG	-0.1763
CGGGTT	-0.3988
CGGTAC	-0.5933
CGGTAT	-0.4181
CGGTCA	0.1058
CGGTCC	-0.5072
CGGTCG	-0.2047
CGGTCT	-0.2829
CGGTGC	-0.8059
CGGTGG	-0.5459
CGGTGT	-0.1796
CGGTTA	0.8044
CGGTTC	-0.7334
CGGTTG	0.3333
CGGTTT	-0.5340
CGTAAA	-0.3144
CGTAAC	-0.7549
CGTAAG	-0.8823
CGTAAT	-0.1681
CGTACA	-0.1634
CGTACC	-0.7119
CGTACG	-0.5632
CGTACT	-0.5434
CGTAGA	-0.8120
CGTAGC	-0.6012
CGTAGG	-1.2025
CGTAGT	-0.9424
CGTATA	-0.1900
CGTATC	-0.3307
CGTATG	-0.3945
CGTATT	-0.5435
CGTCAA	0.2918
CGTCAC	-0.7435
CGTCAG	-0.4322
CGTCAT	-0.1789
CGTCCA	-0.2553
CGTCCC	-0.8592
CGTCCG	-1.2560
CGTCCT	-0.0870
CGTCGA	-0.1972
CGTCGC	-0.4782
CGTCGG	-0.7708
CGTCGT	0.1865
CGTCTA	-0.0891
CGTCTC	-0.6620
CGTCTG	-0.8126
CGTCTT	-0.2304
CGTGAA	0.8821
CGTGAC	0.5221
CGTGAG	0.3333
CGTGAT	0.6634
CGTGCA	0.3200
CGTGCC	0.4914
CGTGCG	0.1067
CGTGCT	0.6880
CGTGGA	0.7627
CGTGGC	0.4030
CGTGGG	0.3746
CGTGGT	0.6627
CGTGTA	0.7075
CGTGTC	0.8124
CGTGTG	1.1506
CGTGTT	0.8345
CGTTAC	-0.9704
CGTTAT	-0.5299
CGTTCA	-0.0502
CGTTCC	-0.5895
CGTTCG	-0.6397
CGTTCT	-0.1556
CGTTGC	-0.8579
CGTTGG	-0.6367
CGTTGT	-0.6656
CGTTTA	0.2547
CGTTTC	-0.5805
CGTTTG	-0.3607
CGTTTT	-0.7312
CTAAAA	0.8283
CTAAAC	-0.1297
CTAAAG	-0.3092
CTAAAT	0.6848
CTAACA	0.0216
CTAACC	-0.8503
CTAACG	-0.2101
CTAACT	-0.3453
CTAAGA	1.1203
CTAAGC	-0.4577
CTAAGG	0.1138
CTAAGT	-0.7062
CTAATA	0.3911
CTAATC	-0.3806
CTAATG	-0.2700
CTAATT	0.0642
CTACAA	0.7651
CTACAC	0.0277
CTACAG	0.1936
CTACAT	0.6483
CTACCA	0.7646
CTACCC	-0.0408
CTACCG	-0.1332
CTACCT	0.1757
CTACGA	0.6577
CTACGC	-0.4837
CTACGG	-0.0182
CTACGT	0.2378
CTACTA	0.3159
CTACTC	0.0797
CTACTG	-0.0284
CTACTT	0.3242
CTAGAA	0.8446
CTAGAC	-0.0504
CTAGAG	-0.2777
CTAGAT	0.4911
CTAGCA	0.7363
CTAGCC	-0.1152
CTAGCG	0.0052
CTAGCT	0.2093
CTAGGA	0.7389
CTAGGC	0.0043
CTAGGG	0.5960
CTAGGT	0.2502
CTAGTA	0.9112
CTAGTC	0.0366
CTAGTG	-0.4354
CTAGTT	0.5476
CTATAC	-0.2726
CTATAT	0.1932
CTATCA	0.6440
CTATCC	0.0170
CTATCG	0.3661
CTATCT	0.4150
CTATGC	-0.1191
CTATGG	0.0111
CTATGT	0.9652
CTATTA	1.5687
CTATTC	-0.2063
CTATTG	0.1505
CTATTT	0.0976
CTCAAA	1.5590
CTCAAC	1.2487
CTCAAG	1.2708
CTCAAT	0.7570
CTCACA	1.4192
CTCACC	0.9078
CTCACG	0.9160
CTCACT	0.4419
CTCAGA	0.6851
CTCAGC	0.8572
CTCAGG	0.4146
CTCAGT	0.5472
CTCATA	1.7265
CTCATC	1.3540
CTCATG	1.0570
CTCATT	1.0254
CTCCAA	-0.0110
CTCCAC	-0.7110
CTCCAG	-1.0311
CTCCAT	-0.5935
CTCCCA	-0.5697
CTCCCC	-1.1342
CTCCCG	-1.2043
CTCCCT	-1.1519
CTCCGA	-0.0870
CTCCGC	-0.7338
CTCCGG	-0.8827
CTCCGT	-0.3821
CTCCTA	-0.2617
CTCCTC	-0.5367
CTCCTG	-1.2270
CTCCTT	-0.4699
CTCGAA	-0.0826
CTCGAC	-0.8321
CTCGAG	-0.8844
CTCGAT	-0.7673
CTCGCA	-0.1288
CTCGCC	-0.3620
CTCGCG	-0.6210
CTCGCT	-0.3969
CTCGGA	-0.3048
CTCGGC	-0.6411
CTCGGG	-0.3478
CTCGGT	-0.8509
CTCGTA	-0.4628
CTCGTC	-0.4805
CTCGTG	-0.8824
CTCGTT	-0.4514
CTCTAC	-0.0340
CTCTAT	-0.0164
CTCTCA	-0.0089
CTCTCC	-0.1274
CTCTCG	-0.2838
CTCTCT	0.0883
CTCTGC	-0.5484
CTCTGG	-0.8880
CTCTGT	-0.4218
CTCTTA	0.3257
CTCTTC	-0.0201
CTCTTG	-0.2055
CTCTTT	-0.0063
CTGAAA	-1.0101
CTGAAC	-0.5987
CTGAAG	-0.7252
CTGAAT	-0.6933
CTGACA	-0.8200
CTGACC	-0.5309
CTGACG	-0.0236
CTGACT	-0.3824
CTGAGA	-1.0771
CTGAGC	-0.6334
CTGAGG	-0.0185
CTGAGT	-0.6598
CTGATA	-1.0299
CTGATC	-0.7914
CTGATG	-0.4297
CTGATT	-0.6166
CTGCAA	-0.2529
CTGCAC	0.1102
CTGCAG	0.1162
CTGCAT	0.0148
CTGCCA	-0.2691
CTGCCC	0.0380
CTGCCG	0.3111
CTGCCT	-0.0886
CTGCGA	0.0013
CTGCGC	0.0152
CTGCGG	0.2091
CTGCGT	0.2481
CTGCTA	0.0994
CTGCTC	-0.0166
CTGCTG	0.1815
CTGCTT	-0.0339
CTGGAA	-0.3848
CTGGAC	0.0949
CTGGAG	0.1068
CTGGAT	-0.0095
CTGGCA	-0.2867
CTGGCC	-0.1452
CTGGCG	0.2805
CTGGCT	-0.1448
CTGGGA	-0.2368
CTGGGC	0.0286
CTGGGG	0.2109
CTGGGT	0.0352
CTGGTA	-0.3107
CTGGTC	0.0617
CTGGTG	0.1484
CTGGTT	-0.2277
CTGTAC	0.0553
CTGTAT	-0.2712
CTGTCA	-0.0549
CTGTCC	0.1785
CTGTCG	0.2615
CTGTCT	0.0169
CTGTGC	0.0842
CTGTGG	0.1119
CTGTGT	0.1073
CTGTTA	-0.3951
CTGTTC	0.0151
CTGTTG	-0.0808
CTGTTT	-0.0141
CTTAAA	1.0203
CTTAAC	-0.5408
CTTAAG	-0.5784
CTTAAT	0.1678
CTTACA	0.1406
CTTACC	-0.6572
CTTACG	-0.2196
CTTACT	-0.0927
CTTAGA	0.7160
CTTAGC	-0.7634
CTTAGG	-0.6835
CTTAGT	-0.6443
CTTATA	0.7237
CTTATC	-0.2183
CTTATG	-0.3549
CTTATT	-0.0986
CTTCAA	0.8543
CTTCAC	-0.0906
CTTCAG	-0.1180
CTTCAT	0.0135
CTTCCA	0.5998
CTTCCC	-0.1841
CTTCCG	-0.2135
CTTCCT	0.4178
CTTCGA	0.3713
CTTCGC	-0.0233
CTTCGG	-0.3579
CTTCGT	0.3641
CTTCTA	0.4059
CTTCTC	-0.1742
CTTCTG	-0.5068
CTTCTT	0.3465
CTTGAA	1.2241
CTTGAC	0.1223
CTTGAG	0.0795
CTTGAT	0.5253
CTTGCA	0.4921
CTTGCC	-0.0041
CTTGCG	0.3163
CTTGCT	0.4371
CTTGGA	0.9380
CTTGGC	-0.0634
CTTGGG	0.7150
CTTGGT	0.4804
CTTGTA	1.0392
CTTGTC	0.1730
CTTGTG	0.1360
CTTGTT	0.7388
CTTTAC	-0.3832
CTTTAT	0.2432
CTTTCA	0.9003
CTTTCC	-0.2384
CTTTCG	-0.0400
CTTTCT	0.4030
CTTTGC	-0.2658
CTTTGG	-0.2526
CTTTGT	0.3485
CTTTTA	1.2822
CTTTTC	-0.4533
CTTTTG	0.2620
CTTTTT	-0.1622
GAAAAA	-0.0897
GAAAAC	0.1517
GAAAAG	0.2219
GAAAAT	0.6894
GAAACA	0.4294
GAAACC	-0.1556
GAAACG	0.4136
GAAACT	0.4779
GAAAGA	0.7217
GAAAGC	0.1204
GAAAGG	0.1988
GAAAGT	0.1226
GAAATA	0.7898
GAAATC	0.4074
GAAATG	0.4054
GAAATT	0.6808
GAACAA	0.1613
GAACAC	-0.1157
GAACAG	-0.4202
GAACAT	0.1097
GAACCA	0.2172
GAACCC	-0.3288
GAACCG	-0.6567
GAACCT	-0.2093
GAACGA	0.6105
GAACGC	-0.5699
GAACGG	-0.0767
GAACGT	-0.5511
GAACTA	-0.0631
GAACTC	-0.3043
GAACTG	-0.5710
GAACTT	0.4389
GAAGAA	0.3022
GAAGAC	0.0749
GAAGAG	-0.2007
GAAGAT	0.5155
GAAGCA	0.4928
GAAGCC	-0.0520
GAAGCG	-0.0703
GAAGCT	0.3194
GAAGGA	0.7168
GAAGGC	-0.0619
GAAGGG	0.6793
GAAGGT	-0.1512
GAAGTA	0.7547
GAAGTC	0.1118
GAAGTG	-0.3908
GAAGTT	0.4800
GAATAC	-0.0522
GAATAT	0.4809
GAATCA	0.7073
GAATCC	0.2541
GAATCG	0.2883
GAATCT	0.3047
GAATGC	0.3371
GAATGG	0.5044
GAATGT	-0.2078
GAATTA	0.1911
GAATTC	-0.1646
GAATTG	-0.1152
GAATTT	0.0998
GACAAA	-0.1331
GACAAC	0.1043
GACAAG	0.0915
GACAAT	-0.0616
GACACA	0.0443
GACACC	-0.0223
GACACG	0.3306
GACACT	-0.4028
GACAGA	-0.0778
GACAGC	0.2617
GACAGG	0.2407
GACAGT	-0.2916
GACATA	-0.0169
GACATC	0.1042
GACATG	0.0817
GACATT	-0.0005
GACCAA	-0.1667
GACCAC	0.0927
GACCAG	0.0772
GACCAT	-0.0062
GACCCA	-0.0454
GACCCC	0.2556
GACCCG	-0.0167
GACCCT	-0.5210
GACCGA	0.0894
GACCGC	0.1367
GACCGG	0.0009
GACCGT	-0.2783
GACCTA	-0.2284
GACCTC	0.0766
GACCTG	0.0933
GACCTT	-0.1891
GACGAA	-0.2219
GACGAC	-0.1586
GACGAG	-0.1935
GACGAT	-0.2352
GACGCA	-0.1915
GACGCC	0.1200
GACGCG	-0.2268
GACGCT	-0.5465
GACGGA	-0.1193
GACGGC	0.0178
GACGGG	-0.2708
GACGGT	-0.5912
GACGTA	-0.3001
GACGTC	-0.0976
GACGTG	-0.0398
GACGTT	-0.4495
GACTAC	0.0715
GACTAT	0.0345
GACTCA	-0.2905
GACTCC	-0.1946
GACTCG	0.1575
GACTCT	-0.4442
GACTGC	0.1186
GACTGG	0.0711
GACTGT	-0.4610
GACTTA	-0.0884
GACTTC	0.0524
GACTTG	0.1463
GACTTT	0.1257
GAGAAA	-0.5301
GAGAAC	-0.0086
GAGAAG	0.0091
GAGAAT	-0.1438
GAGACA	-0.3263
GAGACC	-0.1724
GAGACG	0.2609
GAGACT	-0.2482
GAGAGA	-1.3995
GAGAGC	-0.0840
GAGAGG	-0.5609
GAGAGT	-0.8686
GAGATA	0.0200
GAGATC	-0.1139
GAGATG	-0.0404
GAGATT	0.1299
GAGCAA	-0.2791
GAGCAC	0.0268
GAGCAG	0.0402
GAGCAT	-0.2401
GAGCCA	-0.1769
GAGCCC	-0.0827
GAGCCG	0.1809
GAGCCT	-0.1929
GAGCGA	0.1634
GAGCGC	-0.0393
GAGCGG	0.2529
GAGCGT	-0.3857
GAGCTA	-0.0467
GAGCTC	-0.1800
GAGCTG	0.0846
GAGCTT	-0.0989
GAGGAA	-0.2802
GAGGAC	-0.0304
GAGGAG	0.0216
GAGGAT	0.0653
GAGGCA	-0.2715
GAGGCC	-0.2756
GAGGCG	0.2648
GAGGCT	-0.2255
GAGGGA	0.0352
GAGGGC	-0.0253
GAGGGG	0.1411
GAGGGT	-0.3134
GAGGTA	-0.4869
GAGGTC	-0.1835
GAGGTG	0.0703
GAGGTT	-0.0369
GAGTAC	-0.0231
GAGTAT	0.1224
GAGTCA	-0.2565
GAGTCC	-0.0162
GAGTCG	0.2273
GAGTCT	0.0351
GAGTGC	0.0025
GAGTGG	-0.0519
GAGTGT	-0.2875
GAGTTA	-0.6135
GAGTTC	-0.0176
GAGTTG	-0.2856
GAGTTT	0.0851
GATAAA	0.0477
GATAAC	-0.9189
GATAAG	-0.8014
GATAAT	-0.2759
GATACA	-0.9382
GATACC	-1.0005
GATACG	-0.8500
GATACT	-1.0423
GATAGA	0.2605
GATAGC	-0.7732
GATAGG	-0.2382
GATAGT	-0.8231
GATATA	-0.7283
GATATC	-0.6648
GATATG	-0.7517
GATATT	-0.6186
GATCAA	-0.1612
GATCAC	-0.8780
GATCAG	-0.5046
GATCAT	-0.1309
GATCCA	0.0796
GATCCC	-0.5366
GATCCG	-0.7835
GATCCT	-0.3371
GATCGA	-0.0802
GATCGC	-0.8026
GATCGG	-0.8728
GATCGT	-0.4656
GATCTA	-0.8315
GATCTC	-0.6987
GATCTG	-0.7649
GATCTT	-0.3296
GATGAA	1.1223
GATGAC	0.5424
GATGAG	0.6589
GATGAT	1.0424
GATGCA	0.6680
GATGCC	0.4287
GATGCG	0.3480
GATGCT	0.5538
GATGGA	0.7755
GATGGC	0.3038
GATGGG	0.3967
GATGGT	0.3035
GATGTA	0.7263
GATGTC	0.1721
GATGTG	0.3387
GATGTT	0.6969
GATTAC	-0.6510
GATTAT	-0.0787
GATTCA	0.0665
GATTCC	-0.4523
GATTCG	-0.4475
GATTCT	-0.2289
GATTGC	-0.5477
GATTGG	-0.6251
GATTGT	-0.5088
GATTTA	0.2336
GATTTC	-0.6384
GATTTG	0.3907
GATTTT	-0.2601
GCAAAA	-0.0468
GCAAAC	-0.0933
GCAAAG	-0.2864
GCAAAT	0.4255
GCAACA	0.5454
GCAACC	-0.3164
GCAACG	-0.2866
GCAACT	0.1569
GCAAGA	0.7285
GCAAGC	-0.4963
GCAAGG	0.3099
GCAAGT	-0.2314
GCAATA	-0.2533
GCAATC	-0.6263
GCAATG	-0.5264
GCAATT	-0.1597
GCACAA	0.4940
GCACAC	0.3109
GCACAG	0.1327
GCACAT	0.5892
GCACCA	0.7777
GCACCC	0.0491
GCACCG	-0.0583
GCACCT	0.4349
GCACGA	0.4450
GCACGC	-0.2557
GCACGG	-0.0090
GCACGT	0.5927
GCACTA	0.1195
GCACTC	-0.0513
GCACTG	-0.2117
GCACTT	0.0374
GCAGAA	0.4721
GCAGAC	-0.0624
GCAGAG	-0.2524
GCAGAT	0.2828
GCAGCA	0.9521
GCAGCC	-0.1473
GCAGCG	-0.1166
GCAGCT	0.3271
GCAGGA	0.7743
GCAGGC	-0.1135
GCAGGG	0.5582
GCAGGT	0.2518
GCAGTA	1.1427
GCAGTC	-0.0370
GCAGTG	-0.1987
GCAGTT	0.1821
GCATAC	-0.2836
GCATAT	0.0012
GCATCA	0.7125
GCATCC	-0.1514
GCATCG	-0.0665
GCATCT	0.4085
GCATGC	-0.2882
GCATGG	-0.2109
GCATGT	0.2064
GCATTA	0.8096
GCATTC	-0.3446
GCATTG	0.3855
GCATTT	0.1060
GCCAAA	0.3621
GCCAAC	0.6910
GCCAAG	0.7083
GCCAAT	0.5615
GCCACA	0.5464
GCCACC	0.6478
GCCACG	0.3258
GCCACT	0.6808
GCCAGA	-0.2599
GCCAGC	0.4101
GCCAGG	0.2933
GCCAGT	0.4986
GCCATA	0.5774
GCCATC	0.7414
GCCATG	0.5973
GCCATT	0.6344
GCCCAA	-0.7413
GCCCAC	-0.5957
GCCCAG	-0.5412
GCCCAT	-0.6396
GCCCCA	-0.7571
GCCCCC	-0.5873
GCCCCG	-1.0086
GCCCCT	-0.2000
GCCCGA	-0.2801
GCCCGC	-0.2592
GCCCGG	-0.6045
GCCCGT	-0.4005
GCCCTA	-0.8675
GCCCTC	-0.5186
GCCCTG	-0.7802
GCCCTT	-0.4982
GCCGAA	-0.4883
GCCGAC	-0.0765
GCCGAG	-0.3785
GCCGAT	-0.2501
GCCGCA	-0.2263
GCCGCC	0.2188
GCCGCG	-0.6722
GCCGCT	-0.1960
GCCGGA	-0.2826
GCCGGC	-0.0851
GCCGGG	-0.3426
GCCGGT	-0.2616
GCCGTA	0.1354
GCCGTC	0.0494
GCCGTG	-0.3242
GCCGTT	-0.3149
GCCTAC	0.5106
GCCTAT	0.0715
GCCTCA	0.2616
GCCTCC	0.7235
GCCTCG	0.2646
GCCTCT	0.2914
GCCTGC	0.3869
GCCTGG	0.4589
GCCTGT	-0.0083
GCCTTA	-0.3611
GCCTTC	0.4601
GCCTTG	-0.6022
GCCTTT	0.2271
GCGAAA	-0.7527
GCGAAC	-1.4064
GCGAAG	-1.3331
GCGAAT	-0.5685
GCGACA	-0.6198
GCGACC	-1.1029
GCGACG	-0.6805
GCGACT	-0.4693
GCGAGA	-0.2655
GCGAGC	-1.1257
GCGAGG	-0.2589
GCGAGT	-0.9030
GCGATA	-0.7047
GCGATC	-1.6644
GCGATG	-0.7971
GCGATT	-0.9274
GCGCAA	0.1243
GCGCAC	0.3342
GCGCAG	0.3296
GCGCAT	0.3764
GCGCCA	0.3939
GCGCCC	0.3002
GCGCCG	0.4334
GCGCCT	0.3294
GCGCGA	0.2295
GCGCGC	0.1067
GCGCGG	0.4223
GCGCGT	0.1955
GCGCTA	0.3211
GCGCTC	0.3515
GCGCTG	0.4671
GCGCTT	0.2028
GCGGAA	0.0437
GCGGAC	-0.0313
GCGGAG	0.2470
GCGGAT	0.0858
GCGGCA	0.0628
GCGGCC	-0.5876
GCGGCG	0.4368
GCGGCT	-0.1342
GCGGGA	0.0659
GCGGGC	-0.1308
GCGGGG	0.3994
GCGGGT	0.1325
GCGGTA	-0.0758
GCGGTC	-0.3366
GCGGTG	0.1904
GCGGTT	-0.0048
GCGTAC	-0.5339
GCGTAT	-0.2415
GCGTCA	0.0153
GCGTCC	-0.4730
GCGTCG	-0.3083
GCGTCT	-0.1252
GCGTGC	-0.4354
GCGTGG	-0.4934
GCGTGT	0.3975
GCGTTA	-0.1118
GCGTTC	-0.4624
GCGTTG	0.1697
GCGTTT	-0.1886
GCTAAA	-0.4599
GCTAAC	-1.0522
GCTAAG	-0.7054
GCTAAT	-0.3279
GCTACA	0.5478
GCTACC	-0.8388
GCTACG	-0.9745
GCTACT	0.9494
GCTAGA	-0.8234
GCTAGC	-0.5752
GCTAGG	-0.5331
GCTAGT	-0.5202
GCTATA	-0.2490
GCTATC	-0.6033
GCTATG	-0.4994
GCTATT	-0.2280
GCTCAA	0.2414
GCTCAC	-0.6556
GCTCAG	-0.2273
GCTCAT	-0.0849
GCTCCA	-0.1406
GCTCCC	-0.2110
GCTCCG	-0.4981
GCTCCT	0.6965
GCTCGA	-0.2791
GCTCGC	0.0843
GCTCGG	-0.1676
GCTCGT	0.6402
GCTCTA	-0.1334
GCTCTC	-0.5240
GCTCTG	-0.2193
GCTCTT	0.1609
GCTGAA	0.3875
GCTGAC	0.2929
GCTGAG	0.1688
GCTGAT	0.3581
GCTGCA	0.3255
GCTGCC	0.0717
GCTGCG	-0.1735
GCTGCT	0.9902
GCTGGA	0.5551
GCTGGC	0.0465
GCTGGG	0.3551
GCTGGT	0.7308
GCTGTA	1.0918
GCTGTC	0.1661
GCTGTG	0.2377
GCTGTT	0.7623
GCTTAC	-0.6154
GCTTAT	-0.1331
GCTTCA	0.1912
GCTTCC	0.0345
GCTTCG	-0.2881
GCTTCT	0.5241
GCTTGC	-0.4210
GCTTGG	-0.5137
GCTTGT	-0.3416
GCTTTA	0.1814
GCTTTC	-0.5153
GCTTTG	0.1492
GCTTTT	-0.3354
GGAAAA	-0.1674
GGAAAC	-0.2549
GGAAAG	-0.5570
GGAAAT	0.6443
GGAACA	-0.0164
GGAACC	-0.4731
GGAACG	-0.6706
GGAACT	-0.0679
GGAAGA	0.2142
GGAAGC	-0.4563
GGAAGG	0.0382
GGAAGT	-0.1809
GGAATA	-0.2714
GGAATC	-0.8873
GGAATG	-0.3536
GGAATT	-0.5471
GGACAA	0.2582
GGACAC	0.3026
GGACAG	-0.0106
GGACAT	0.5702
GGACCA	0.2310
GGACCC	0.2608
GGACCG	-0.1131
GGACCT	0.0847
GGACGA	0.0770
GGACGC	-0.6764
GGACGG	-0.5484
GGACGT	0.0989
GGACTA	0.1353
GGACTC	0.2776
GGACTG	-0.0216
GGACTT	0.1716
GGAGAA	0.4718
GGAGAC	0.1893
GGAGAG	0.0191
GGAGAT	0.6176
GGAGCA	0.8755
GGAGCC	0.2213
GGAGCG	-0.1565
GGAGCT	0.4595
GGAGGA	1.2574
GGAGGC	-0.0400
GGAGGG	0.2184
GGAGGT	0.3823
GGAGTA	0.5808
GGAGTC	0.1599
GGAGTG	-0.1623
GGAGTT	0.2548
GGATAC	-0.1475
GGATAT	0.3885
GGATCA	-0.1632
GGATCC	0.0864
GGATCG	-0.9570
GGATCT	0.3020
GGATGC	-0.3294
GGATGG	-0.1700
GGATGT	-0.0372
GGATTA	0.0531
GGATTC	-0.2970
GGATTG	0.1706
GGATTT	-0.1565
GGCAAA	-0.0703
GGCAAC	0.1710
GGCAAG	0.2511
GGCAAT	0.3051
GGCACA	-0.0500
GGCACC	0.2695
GGCACG	0.0951
GGCACT	0.3082
GGCAGA	-0.1217
GGCAGC	0.3628
GGCAGG	0.2291
GGCAGT	0.9451
GGCATA	-0.1175
GGCATC	0.2243
GGCATG	0.2007
GGCATT	0.3744
GGCCAA	-0.6228
GGCCAC	-0.1904
GGCCAG	-0.3429
GGCCAT	-0.3168
GGCCCA	-0.5622
GGCCCC	-0.1329
GGCCCG	-0.6880
GGCCCT	-0.3736
GGCCGA	-0.4627
GGCCGC	0.0366
GGCCGG	-0.5583
GGCCGT	-0.0924
GGCCTA	-0.5839
GGCCTC	-0.2051
GGCCTG	-0.3737
GGCCTT	-0.2836
GGCGAA	-0.2815
GGCGAC	-0.0627
GGCGAG	0.0176
GGCGAT	-0.0000
GGCGCA	-0.2094
GGCGCC	0.1220
GGCGCG	-0.2629
GGCGCT	-0.1431
GGCGGA	-0.2977
GGCGGC	0.1451
GGCGGG	-0.2198
GGCGGT	0.0871
GGCGTA	-0.2904
GGCGTC	-0.0216
GGCGTG	-0.0211
GGCGTT	-0.1397
GGCTAC	0.0826
GGCTAT	0.2269
GGCTCA	-0.3580
GGCTCC	-0.1077
GGCTCG	-0.2545
GGCTCT	-0.1212
GGCTGC	0.1483
GGCTGG	0.1707
GGCTGT	0.2941
GGCTTA	-0.3435
GGCTTC	0.1535
GGCTTG	-0.1449
GGCTTT	0.1479
GGGAAA	0.7774
GGGAAC	-0.8838
GGGAAG	-0.8970
GGGAAT	0.0569
GGGACA	0.2154
GGGACC	-0.8353
GGGACG	-0.4085
GGGACT	-0.3386
GGGAGA	1.9528
GGGAGC	-0.7730
GGGAGG	0.2001
GGGAGT	-0.1793
GGGATA	0.6574
GGGATC	-1.8309
GGGATG	-0.8219
GGGATT	-1.0309
GGGCAA	1.1240
GGGCAC	0.5107
GGGCAG	0.8347
GGGCAT	0.8423
GGGCCA	1.1087
GGGCCC	0.4733
GGGCCG	1.1730
GGGCCT	0.6010
GGGCGA	0.9494
GGGCGC	0.1659
GGGCGG	0.9033
GGGCGT	0.4950
GGGCTA	0.9244
GGGCTC	0.4364
GGGCTG	0.7930
GGGCTT	0.7408
GGGGAA	0.6493
GGGGAC	-0.4578
GGGGAG	0.0016
GGGGAT	0.0456
GGGGCA	0.3782
GGGGCC	-0.4049
GGGGCG	0.2075
GGGGCT	0.0247
GGGGGA	-0.2695
GGGGGC	-1.1356
GGGGGG	-0.9766
GGGGGT	-0.5283
GGGGTA	-0.3322
GGGGTC	-0.8633
GGGGTG	-0.5240
GGGGTT	-0.1613
GGGTAC	-0.2663
GGGTAT	0.3509
GGGTCA	0.0437
GGGTCC	-0.6130
GGGTCG	0.0140
GGGTCT	-0.2249
GGGTGC	-0.6047
GGGTGG	-0.5171
GGGTGT	0.3118
GGGTTA	1.1786
GGGTTC	-0.6256
GGGTTG	0.8016
GGGTTT	0.0291
GGTAAA	-0.5673
GGTAAC	-0.7154
GGTAAG	-1.8991
GGTAAT	-0.6793
GGTACA	-1.2704
GGTACC	-0.6851
GGTACG	-1.0389
GGTACT	-0.6273
GGTAGA	-0.5852
GGTAGC	-0.5170
GGTAGG	-1.8889
GGTAGT	-0.4927
GGTATA	-0.7031
GGTATC	-0.6003
GGTATG	-0.5917
GGTATT	-0.2608
GGTCAA	-0.2317
GGTCAC	-0.4755
GGTCAG	-0.3126
GGTCAT	0.3837
GGTCCA	-0.3088
GGTCCC	-0.3843
GGTCCG	-0.2925
GGTCCT	-0.0015
GGTCGA	-0.4368
GGTCGC	-0.1961
GGTCGG	-0.5242
GGTCGT	0.2708
GGTCTA	0.0265
GGTCTC	-0.4168
GGTCTG	0.0312
GGTCTT	0.3617
GGTGAA	0.4891
GGTGAC	0.4123
GGTGAG	-0.2750
GGTGAT	0.8855
GGTGCA	0.4214
GGTGCC	0.2722
GGTGCG	0.0547
GGTGCT	0.8444
GGTGGA	0.5545
GGTGGC	0.2245
GGTGGG	0.0381
GGTGGT	1.0676
GGTGTA	0.6087
GGTGTC	0.3521
GGTGTG	0.6984
GGTGTT	1.0226
GGTTAC	-0.6731
GGTTAT	-0.0217
GGTTCA	-0.6340
GGTTCC	-0.8905
GGTTCG	-0.7997
GGTTCT	-0.4319
GGTTGC	-0.9008
GGTTGG	-0.8148
GGTTGT	-0.1042
GGTTTA	0.3946
GGTTTC	-0.5699
GGTTTG	0.1644
GGTTTT	-0.2568
GTAAAA	0.5237
GTAAAC	0.0436
GTAAAG	-0.2374
GTAAAT	0.6797
GTAACA	0.0499
GTAACC	-0.4221
GTAACG	-0.2651
GTAACT	-0.0467
GTAAGA	0.4983
GTAAGC	-0.6299
GTAAGG	-0.2568
GTAAGT	-0.7570
GTAATA	0.4968
GTAATC	-0.2502
GTAATG	-0.2030
GTAATT	0.0721
GTACAA	0.8934
GTACAC	0.2344
GTACAG	0.1565
GTACAT	0.6925
GTACCA	0.7449
GTACCC	-0.2595
GTACCG	0.0278
GTACCT	0.6284
GTACGA	0.2694
GTACGC	-0.7264
GTACGG	0.9098
GTACGT	0.0433
GTACTA	0.1632
GTACTC	-0.0835
GTACTG	-0.2165
GTACTT	0.2996
GTAGAA	1.1413
GTAGAC	-0.1547
GTAGAG	-0.3136
GTAGAT	0.3715
GTAGCA	1.4059
GTAGCC	-0.2079
GTAGCG	0.0968
GTAGCT	0.3536
GTAGGA	0.0131
GTAGGC	-0.4450
GTAGGG	0.2142
GTAGGT	-0.0276
GTAGTA	0.8534
GTAGTC	-0.1757
GTAGTG	-0.4284
GTAGTT	0.0658
GTATAC	-0.6186
GTATAT	0.2337
GTATCA	0.9009
GTATCC	-0.0079
GTATCG	0.4255
GTATCT	0.2231
GTATGC	0.0112
GTATGG	0.0329
GTATGT	0.4432
GTATTA	0.8742
GTATTC	-0.2675
GTATTG	0.5397
GTATTT	0.3876
GTCAAA	0.6946
GTCAAC	1.0444
GTCAAG	1.0662
GTCAAT	0.6880
GTCACA	0.6822
GTCACC	0.7356
GTCACG	0.7576
GTCACT	0.4336
GTCAGA	-1.0316
GTCAGC	0.7406
GTCAGG	0.4957
GTCAGT	0.6241
GTCATA	0.7871
GTCATC	1.0516
GTCATG	0.7996
GTCATT	1.1149
GTCCAA	-0.3364
GTCCAC	-0.7047
GTCCAG	-0.4744
GTCCAT	-0.4763
GTCCCA	-0.8686
GTCCCC	-0.8894
GTCCCG	-1.0649
GTCCCT	-0.8707
GTCCGA	-0.4289
GTCCGC	-0.0580
GTCCGG	-0.4443
GTCCGT	0.1336
GTCCTA	-0.5558
GTCCTC	-0.3617
GTCCTG	-0.7488
GTCCTT	-0.2313
GTCGAA	-0.6579
GTCGAC	-0.6920
GTCGAG	-1.0113
GTCGAT	-0.4773
GTCGCA	-0.3290
GTCGCC	-0.1849
GTCGCG	-0.5487
GTCGCT	-0.0333
GTCGGA	-0.1442
GTCGGC	-0.2822
GTCGGG	-0.3565
GTCGGT	-0.0833
GTCGTA	0.0291
GTCGTC	0.0053
GTCGTG	-0.7171
GTCGTT	0.1663
GTCTAC	-0.0714
GTCTAT	-0.2315
GTCTCA	-0.2364
GTCTCC	0.0188
GTCTCG	-0.3417
GTCTCT	-0.0127
GTCTGC	-0.2992
GTCTGG	-0.5101
GTCTGT	-0.5271
GTCTTA	0.0980
GTCTTC	-0.0936
GTCTTG	-0.4306
GTCTTT	-0.2653
GTGAAA	-1.0738
GTGAAC	-0.6124
GTGAAG	-0.6165
GTGAAT	-0.6280
GTGACA	-0.9684
GTGACC	-0.5677
GTGACG	0.0924
GTGACT	-0.0861
GTGAGA	-1.3087
GTGAGC	-0.8263
GTGAGG	-0.8295
GTGAGT	-1.1470
GTGATA	-1.0637
GTGATC	-0.7995
GTGATG	-0.3675
GTGATT	-0.3200
GTGCAA	-0.2251
GTGCAC	0.1483
GTGCAG	0.1155
GTGCAT	-0.1069
GTGCCA	-0.2181
GTGCCC	-0.0000
GTGCCG	0.3507
GTGCCT	0.1287
GTGCGA	-0.2816
GTGCGC	0.0105
GTGCGG	0.2437
GTGCGT	-0.0630
GTGCTA	-0.0557
GTGCTC	0.0659
GTGCTG	0.1557
GTGCTT	0.1557
GTGGAA	-0.2911
GTGGAC	0.1078
GTGGAG	0.1610
GTGGAT	0.0509
GTGGCA	-0.3264
GTGGCC	-0.3620
GTGGCG	0.3258
GTGGCT	-0.0019
GTGGGA	-0.2575
GTGGGC	0.0443
GTGGGG	0.1832
GTGGGT	-0.1251
GTGGTA	-0.3166
GTGGTC	-0.1780
GTGGTG	0.1494
GTGGTT	-0.0182
GTGTAC	0.0497
GTGTAT	0.1590
GTGTCA	0.1150
GTGTCC	0.0159
GTGTCG	0.4573
GTGTCT	0.1890
GTGTGC	0.0128
GTGTGG	0.1168
GTGTGT	0.4218
GTGTTA	-0.2863
GTGTTC	0.0098
GTGTTG	0.2818
GTGTTT	0.2973
GTTAAA	-0.6914
GTTAAC	-0.5645
GTTAAG	-0.4892
GTTAAT	-0.4348
GTTACA	-0.5946
GTTACC	-0.9280
GTTACG	-0.4453
GTTACT	-0.6002
GTTAGA	0.2593
GTTAGC	-0.5037
GTTAGG	-0.7761
GTTAGT	-0.3454
GTTATA	-0.4101
GTTATC	-0.3515
GTTATG	-0.4100
GTTATT	0.1814
GTTCAA	0.0864
GTTCAC	-0.2854
GTTCAG	-0.1531
GTTCAT	0.1314
GTTCCA	0.0421
GTTCCC	-0.1687
GTTCCG	-0.2005
GTTCCT	0.3406
GTTCGA	-0.9504
GTTCGC	-0.0900
GTTCGG	-0.2710
GTTCGT	0.4680
GTTCTA	-0.2069
GTTCTC	-0.4715
GTTCTG	-0.4992
GTTCTT	0.1998
GTTGAA	0.4396
GTTGAC	0.2017
GTTGAG	0.2362
GTTGAT	0.5464
GTTGCA	0.4775
GTTGCC	0.2243
GTTGCG	0.2357
GTTGCT	0.8728
GTTGGA	0.5236
GTTGGC	0.2267
GTTGGG	0.4498
GTTGGT	0.3865
GTTGTA	0.4187
GTTGTC	0.3561
GTTGTG	0.1967
GTTGTT	0.8637
GTTTAC	-0.5794
GTTTAT	0.3469
GTTTCA	0.7038
GTTTCC	-0.0476
GTTTCG	0.0380
GTTTCT	0.5129
GTTTGC	-0.1225
GTTTGG	-0.3100
GTTTGT	0.1351
GTTTTA	0.5174
GTTTTC	-0.6216
GTTTTG	0.3622
GTTTTT	-0.7424
TACAAA	0.0112
TACAAC	0.0964
TACAAG	0.0681
TACAAT	-0.3486
TACACA	0.0894
TACACC	0.0252
TACACG	0.2123
TACACT	-0.4756
TACAGA	-0.2242
TACAGC	0.2998
TACAGG	0.4521
TACAGT	-0.2285
TACATA	-0.0321
TACATC	0.1439
TACATG	0.0641
TACATT	-0.2434
TACCAA	-0.4036
TACCAC	0.0587
TACCAG	0.0519
TACCAT	-0.3325
TACCCA	-0.2166
TACCCC	0.1131
TACCCG	0.0912
TACCCT	-0.5814
TACCGA	-0.4016
TACCGC	0.1524
TACCGG	-0.2222
TACCGT	-0.3983
TACCTA	0.1617
TACCTC	0.1457
TACCTG	0.0487
TACCTT	-0.3761
TACGAA	-0.4622
TACGAC	-0.0046
TACGAG	-0.1485
TACGAT	-0.7426
TACGCA	-0.3048
TACGCC	0.1984
TACGCG	-0.2433
TACGCT	-0.7236
TACGGA	-0.2762
TACGGC	0.1041
TACGGG	-0.5461
TACGGT	-0.3977
TACGTA	-0.7241
TACGTC	-0.0620
TACGTG	-0.0495
TACGTT	-0.5393
TACTAC	0.0560
TACTAT	-0.1562
TACTCA	-0.5751
TACTCC	-0.2202
TACTCG	0.1633
TACTCT	-0.8952
TACTGC	0.1059
TACTGG	0.0163
TACTGT	-0.6993
TACTTA	-0.7597
TACTTC	0.0101
TACTTG	-0.2307
TACTTT	0.1323
TATAAA	0.1310
TATAAC	-0.7837
TATAAG	-1.1170
TATAAT	-0.6012
TATACA	-0.5042
TATACC	-1.0168
TATACG	-1.1408
TATACT	-0.7088
TATAGA	-0.2692
TATAGC	-1.0203
TATAGG	-0.8420
TATAGT	-1.4024
TATATA	-0.9739
TATATC	-0.8342
TATATG	-0.9096
TATATT	-0.8525
TATCAA	0.5497
TATCAC	-0.3343
TATCAG	-0.3349
TATCAT	0.1979
TATCCA	-0.0083
TATCCC	-0.2966
TATCCG	-0.4179
TATCCT	-0.0929
TATCGA	-0.2749
TATCGC	-0.3392
TATCGG	-0.2445
TATCGT	0.0115
TATCTA	0.2797
TATCTC	-0.4168
TATCTG	-0.6303
TATCTT	-0.1534
TATGAA	1.1087
TATGAC	0.4211
TATGAG	0.7737
TATGAT	0.8149
TATGCA	0.5181
TATGCC	0.4020
TATGCG	0.5886
TATGCT	0.6834
TATGGA	1.1542
TATGGC	0.1378
TATGGG	0.2003
TATGGT	0.3569
TATGTA	0.8514
TATGTC	0.0961
TATGTG	0.5699
TATGTT	0.8450
TATTAC	-0.4765
TATTAT	-0.0025
TATTCA	-0.2989
TATTCC	-1.0618
TATTCG	-0.5383
TATTCT	-0.1529
TATTGC	-0.4721
TATTGG	-0.2084
TATTGT	-0.2996
TATTTA	0.8440
TATTTC	-0.4309
TATTTG	0.3554
TATTTT	-0.2444
TCAAAA	0.7313
TCAAAC	-0.3143
TCAAAG	-0.3951
TCAAAT	0.5508
TCAACA	0.6035
TCAACC	-0.2163
TCAACG	-0.0890
TCAACT	0.2891
TCAAGA	1.0859
TCAAGC	-0.9771
TCAAGG	0.4159
TCAAGT	-0.2651
TCAATA	0.4794
TCAATC	-0.7111
TCAATG	-0.5890
TCAATT	0.1655
TCACAA	0.8713
TCACAC	0.1005
TCACAG	0.0633
TCACAT	0.6865
TCACCA	1.0116
TCACCC	0.0665
TCACCG	0.1211
TCACCT	0.4411
TCACGA	0.3870
TCACGC	-0.4017
TCACGG	-0.1137
TCACGT	0.4398
TCACTA	0.2758
TCACTC	0.0168
TCACTG	-0.1752
TCACTT	0.2856
TCAGAA	0.9567
TCAGAC	0.0398
TCAGAG	0.0062
TCAGAT	0.6154
TCAGCA	1.1048
TCAGCC	0.0800
TCAGCG	0.0463
TCAGCT	0.3514
TCAGGA	0.4819
TCAGGC	-0.3488
TCAGGG	0.2806
TCAGGT	-0.3152
TCAGTA	0.8890
TCAGTC	0.0830
TCAGTG	-0.2915
TCAGTT	0.3246
TCATAC	-0.2588
TCATAT	0.2379
TCATCA	0.9891
TCATCC	-0.1903
TCATCG	-0.1284
TCATCT	0.3610
TCATGC	-0.0088
TCATGG	0.0311
TCATGT	-0.0363
TCATTA	1.6625
TCATTC	-0.2212
TCATTG	0.6349
TCATTT	0.0428
TCCAAA	0.9019
TCCAAC	0.6012
TCCAAG	0.5643
TCCAAT	0.4423
TCCACA	0.6079
TCCACC	0.6938
TCCACG	0.3178
TCCACT	0.4675
TCCAGA	0.2724
TCCAGC	-0.1895
TCCAGG	0.1543
TCCAGT	-0.1377
TCCATA	0.7084
TCCATC	0.9217
TCCATG	0.7343
TCCATT	0.7225
TCCCAA	0.0315
TCCCAC	-0.3746
TCCCAG	-0.5625
TCCCAT	-0.5960
TCCCCA	-0.4015
TCCCCC	-0.6338
TCCCCG	-1.1999
TCCCCT	-0.5346
TCCCGA	-0.3908
TCCCGC	-0.3295
TCCCGG	-0.8927
TCCCGT	-0.6041
TCCCTA	-0.4507
TCCCTC	-0.1298
TCCCTG	-0.7534
TCCCTT	-0.5929
TCCGAA	0.0807
TCCGAC	-0.0598
TCCGAG	-0.4766
TCCGAT	-0.5354
TCCGCA	0.0194
TCCGCC	0.4889
TCCGCG	-0.4970
TCCGCT	-0.1127
TCCGGA	-0.1291
TCCGGC	-0.5357
TCCGGG	-0.6866
TCCGGT	-0.6560
TCCGTA	0.4708
TCCGTC	0.3944
TCCGTG	-0.1905
TCCGTT	-0.1142
TCCTAC	0.2988
TCCTAT	0.0223
TCCTCA	0.1613
TCCTCC	0.5134
TCCTCG	-0.1792
TCCTCT	0.0480
TCCTGC	0.1195
TCCTGG	0.2114
TCCTGT	-0.2520
TCCTTA	0.4436
TCCTTC	0.4696
TCCTTG	-0.0916
TCCTTT	0.0914
TCGAAA	-0.3529
TCGAAC	-1.4691
TCGAAG	-1.5025
TCGAAT	-0.5619
TCGACA	-0.4165
TCGACC	-0.8652
TCGACG	-0.8350
TCGACT	-0.1609
TCGAGA	-0.5724
TCGAGC	-1.6635
TCGAGG	-0.8053
TCGAGT	-1.2138
TCGATA	-0.7878
TCGATC	-1.4379
TCGATG	-0.9061
TCGATT	-0.9447
TCGCAA	0.5450
TCGCAC	0.2641
TCGCAG	0.2742
TCGCAT	0.5814
TCGCCA	0.7670
TCGCCC	0.5721
TCGCCG	0.5230
TCGCCT	0.7495
TCGCGA	0.3324
TCGCGC	0.1504
TCGCGG	0.2282
TCGCGT	0.1197
TCGCTA	0.7538
TCGCTC	0.7678
TCGCTG	0.5212
TCGCTT	0.6041
TCGGAA	0.3314
TCGGAC	0.0175
TCGGAG	0.2412
TCGGAT	0.1374
TCGGCA	0.2340
TCGGCC	-0.1831
TCGGCG	0.1714
TCGGCT	0.2426
TCGGGA	-0.0420
TCGGGC	-0.2015
TCGGGG	0.0785
TCGGGT	0.1127
TCGGTA	0.3053
TCGGTC	0.2401
TCGGTG	0.0743
TCGGTT	0.1368
TCGTAC	-0.0449
TCGTAT	-0.1424
TCGTCA	-0.0712
TCGTCC	-0.5645
TCGTCG	-0.3432
TCGTCT	-0.1715
TCGTGC	-0.4616
TCGTGG	-0.2074
TCGTGT	0.3373
TCGTTA	0.0732
TCGTTC	-0.1033
TCGTTG	0.4964
TCGTTT	-0.0088
TCTAAA	0.3223
TCTAAC	-1.0556
TCTAAG	-0.9396
TCTAAT	-0.1011
TCTACA	-0.0054
TCTACC	-0.6508
TCTACG	-0.8875
TCTACT	0.1647
TCTAGA	0.5751
TCTAGC	-1.1770
TCTAGG	-0.0847
TCTAGT	-0.6053
TCTATA	-0.5423
TCTATC	-0.7189
TCTATG	-0.6815
TCTATT	-0.5132
TCTCAA	0.4295
TCTCAC	-0.6008
TCTCAG	-0.1976
TCTCAT	0.1458
TCTCCA	0.4674
TCTCCC	0.4790
TCTCCG	-0.2251
TCTCCT	1.2981
TCTCGA	0.5693
TCTCGC	-0.0220
TCTCGG	-0.3010
TCTCGT	0.4345
TCTCTA	0.3867
TCTCTC	-0.0885
TCTCTG	-0.1871
TCTCTT	0.3233
TCTGAA	1.0368
TCTGAC	0.3024
TCTGAG	0.0315
TCTGAT	0.5206
TCTGCA	0.7957
TCTGCC	0.2762
TCTGCG	0.0372
TCTGCT	0.8813
TCTGGA	0.6591
TCTGGC	-0.1496
TCTGGG	0.2176
TCTGGT	0.4537
TCTGTA	0.9614
TCTGTC	0.2189
TCTGTG	0.3243
TCTGTT	0.8183
TCTTAC	-0.5750
TCTTAT	-0.2122
TCTTCA	0.4195
TCTTCC	-0.1022
TCTTCG	-0.2887
TCTTCT	0.3907
TCTTGC	-0.2452
TCTTGG	-0.2268
TCTTGT	-0.0771
TCTTTA	1.3059
TCTTTC	-0.3841
TCTTTG	0.5608
TCTTTT	-0.4439
TGCAAA	0.1073
TGCAAC	0.0551
TGCAAG	0.0798
TGCAAT	0.1891
TGCACA	-0.0073
TGCACC	0.1226
TGCACG	0.0082
TGCACT	-0.0013
TGCAGA	0.2318
TGCAGC	0.1523
TGCAGG	0.6357
TGCAGT	0.0998
TGCATA	-0.1525
TGCATC	0.1391
TGCATG	0.0681
TGCATT	-0.1352
TGCCAA	0.0953
TGCCAC	0.0467
TGCCAG	-0.0179
TGCCAT	0.0240
TGCCCA	-0.2088
TGCCCC	0.2563
TGCCCG	-0.1495
TGCCCT	-0.1403
TGCCGA	-0.1215
TGCCGC	0.1256
TGCCGG	-0.4260
TGCCGT	-0.0523
TGCCTA	-0.0575
TGCCTC	0.1984
TGCCTG	-0.0063
TGCCTT	-0.1020
TGCGAA	-0.0418
TGCGAC	-0.0588
TGCGAG	-0.1078
TGCGAT	-0.3330
TGCGCA	-0.3978
TGCGCC	0.2564
TGCGCG	-0.4123
TGCGCT	-0.2578
TGCGGA	-0.6248
TGCGGC	0.0775
TGCGGG	-0.2911
TGCGGT	-0.2378
TGCGTA	-0.3664
TGCGTC	-0.0413
TGCGTG	-0.2803
TGCGTT	-0.4700
TGCTAC	0.0937
TGCTAT	-0.0645
TGCTCA	-0.2182
TGCTCC	0.1641
TGCTCG	-0.1510
TGCTCT	-0.1045
TGCTGC	0.0991
TGCTGG	0.0768
TGCTGT	-0.2216
TGCTTA	-0.4274
TGCTTC	0.0520
TGCTTG	0.1948
TGCTTT	0.0715
TGGAAA	-0.3488
TGGAAC	0.0025
TGGAAG	0.0152
TGGAAT	-0.0763
TGGACA	-0.5524
TGGACC	-0.1147
TGGACG	0.2049
TGGACT	0.1377
TGGAGA	-0.5974
TGGAGC	0.0923
TGGAGG	-0.0716
TGGAGT	0.0495
TGGATA	-0.3969
TGGATC	-0.0680
TGGATG	-0.0064
TGGATT	0.2537
TGGCAA	-0.5568
TGGCAC	0.0155
TGGCAG	0.0370
TGGCAT	-0.1973
TGGCCA	-0.2169
TGGCCC	-0.0181
TGGCCG	0.0659
TGGCCT	-0.0887
TGGCGA	-0.1406
TGGCGC	-0.0234
TGGCGG	0.1006
TGGCGT	-0.1357
TGGCTA	0.0631
TGGCTC	-0.0402
TGGCTG	0.0189
TGGCTT	-0.0866
TGGGAA	-0.3402
TGGGAC	0.0098
TGGGAG	0.0133
TGGGAT	-0.0972
TGGGCA	-0.4249
TGGGCC	-0.0827
TGGGCG	0.1077
TGGGCT	0.0995
TGGGGA	-0.3897
TGGGGC	0.0925
TGGGGG	-0.3132
TGGGGT	-0.0611
TGGGTA	-0.2579
TGGGTC	-0.1145
TGGGTG	0.0454
TGGGTT	-0.1779
TGGTAC	-0.0186
TGGTAT	0.0956
TGGTCA	-0.4857
TGGTCC	-0.3024
TGGTCG	0.1244
TGGTCT	0.0525
TGGTGC	-0.0173
TGGTGG	-0.0068
TGGTGT	0.0749
TGGTTA	-0.8809
TGGTTC	0.0010
TGGTTG	-0.1872
TGGTTT	-0.0390
TGTAAA	0.3479
TGTAAC	-0.9342
TGTAAG	-1.5242
TGTAAT	-0.3580
TGTACA	-0.3521
TGTACC	-1.1662
TGTACG	-0.3109
TGTACT	-0.7013
TGTAGA	1.1010
TGTAGC	-0.4025
TGTAGG	-0.7936
TGTAGT	-0.6792
TGTATA	-0.9035
TGTATC	-0.8900
TGTATG	-0.8370
TGTATT	-0.7626
TGTCAA	0.3266
TGTCAC	-0.6159
TGTCAG	-0.0430
TGTCAT	0.2055
TGTCCA	-0.0235
TGTCCC	-0.3862
TGTCCG	-0.3724
TGTCCT	-0.1951
TGTCGA	-0.3319
TGTCGC	-0.3370
TGTCGG	-0.2607
TGTCGT	0.2577
TGTCTA	-0.0898
TGTCTC	-0.2755
TGTCTG	-0.4762
TGTCTT	0.4447
TGTGAA	0.3494
TGTGAC	0.4658
TGTGAG	0.5332
TGTGAT	0.6149
TGTGCA	0.5381
TGTGCC	0.4071
TGTGCG	0.5443
TGTGCT	0.3882
TGTGGA	0.7497
TGTGGC	0.0918
TGTGGG	0.2842
TGTGGT	0.4234
TGTGTA	0.8501
TGTGTC	0.6324
TGTGTG	1.0290
TGTGTT	0.6269
TGTTAC	-1.0658
TGTTAT	-0.6740
TGTTCA	-0.7231
TGTTCC	-1.3890
TGTTCG	-0.7755
TGTTCT	-0.8285
TGTTGC	-0.8502
TGTTGG	-1.0211
TGTTGT	-0.4182
TGTTTA	0.4745
TGTTTC	-0.6542
TGTTTG	0.1866
TGTTTT	-0.5092
TTAAAA	1.5468
TTAAAC	0.1008
TTAAAG	-0.0965
TTAAAT	1.1015
TTAACA	1.1381
TTAACC	-0.5220
TTAACG	-0.0565
TTAACT	0.5533
TTAAGA	1.7030
TTAAGC	0.1193
TTAAGG	0.6194
TTAAGT	0.2820
TTAATA	1.6952
TTAATC	-0.5378
TTAATG	-0.4020
TTAATT	0.0821
TTACAA	1.2425
TTACAC	-0.3564
TTACAG	-0.0995
TTACAT	1.0650
TTACCA	1.3211
TTACCC	-0.6085
TTACCG	-0.5483
TTACCT	0.0934
TTACGA	0.6756
TTACGC	-0.8844
TTACGG	-0.0153
TTACGT	-0.0958
TTACTA	0.5701
TTACTC	-0.7730
TTACTG	-0.9240
TTACTT	0.6403
TTAGAA	1.1678
TTAGAC	-0.2034
TTAGAG	-0.3199
TTAGAT	0.9925
TTAGCA	0.8453
TTAGCC	-0.2317
TTAGCG	-0.1815
TTAGCT	0.7851
TTAGGA	0.9650
TTAGGC	-0.4025
TTAGGG	0.7043
TTAGGT	0.4593
TTAGTA	0.7734
TTAGTC	0.3909
TTAGTG	-0.5084
TTAGTT	-0.0943
TTATAC	-0.5684
TTATAT	-0.2457
TTATCA	1.4545
TTATCC	-0.1883
TTATCG	0.2298
TTATCT	1.0390
TTATGC	-0.3349
TTATGG	0.4999
TTATGT	0.7494
TTATTA	1.1810
TTATTC	-0.3297
TTATTG	0.9155
TTATTT	0.9894
TTCAAA	0.3580
TTCAAC	0.1523
TTCAAG	0.0918
TTCAAT	-0.0344
TTCACA	0.2481
TTCACC	0.0562
TTCACG	0.1820
TTCACT	0.0058
TTCAGA	0.3385
TTCAGC	0.2201
TTCAGG	0.9086
TTCAGT	0.1868
TTCATA	-0.0971
TTCATC	0.1500
TTCATG	0.1167
TTCATT	0.0734
TTCCAA	0.1431
TTCCAC	0.0958
TTCCAG	0.1024
TTCCAT	0.0897
TTCCCA	0.0649
TTCCCC	0.2292
TTCCCG	-0.0648
TTCCCT	-0.2471
TTCCGA	0.2136
TTCCGC	0.0441
TTCCGG	-0.1220
TTCCGT	0.1450
TTCCTA	0.1326
TTCCTC	0.1683
TTCCTG	0.1302
TTCCTT	0.0255
TTCGAA	-0.7308
TTCGAC	-0.2893
TTCGAG	-0.3665
TTCGAT	-0.4751
TTCGCA	-0.2519
TTCGCC	-0.0561
TTCGCG	-0.2331
TTCGCT	-0.4195
TTCGGA	0.0806
TTCGGC	-0.2137
TTCGGG	-0.0937
TTCGGT	-0.2354
TTCGTA	-0.0661
TTCGTC	-0.2970
TTCGTG	-0.1306
TTCGTT	-0.6921
TTCTAC	0.0998
TTCTAT	0.0041
TTCTCA	0.0026
TTCTCC	0.2078
TTCTCG	-0.1375
TTCTCT	-0.2395
TTCTGC	0.0905
TTCTGG	0.1033
TTCTGT	0.0937
TTCTTA	-0.3238
TTCTTC	0.1685
TTCTTG	-0.0622
TTCTTT	-0.0924
TTGAAA	0.5592
TTGAAC	-0.4149
TTGAAG	-0.3440
TTGAAT	0.3793
TTGACA	0.0944
TTGACC	-0.8263
TTGACG	0.0173
TTGACT	0.0647
TTGAGA	1.1090
TTGAGC	-0.2920
TTGAGG	0.3161
TTGAGT	-0.0525
TTGATA	0.8011
TTGATC	-0.7502
TTGATG	-0.2652
TTGATT	-0.3012
TTGCAA	0.7539
TTGCAC	-0.2511
TTGCAG	-0.0240
TTGCAT	0.4894
TTGCCA	0.5686
TTGCCC	-0.5556
TTGCCG	0.1552
TTGCCT	0.1524
TTGCGA	0.4952
TTGCGC	-0.2814
TTGCGG	0.2692
TTGCGT	0.3318
TTGCTA	0.6479
TTGCTC	0.0712
TTGCTG	-0.2679
TTGCTT	0.5900
TTGGAA	0.8214
TTGGAC	0.0123
TTGGAG	0.1518
TTGGAT	0.6782
TTGGCA	0.1426
TTGGCC	-0.5286
TTGGCG	0.2558
TTGGCT	0.0429
TTGGGA	0.3360
TTGGGC	0.0234
TTGGGG	0.2333
TTGGGT	0.2191
TTGGTA	0.1794
TTGGTC	-0.1634
TTGGTG	-0.1707
TTGGTT	-0.0721
TTGTAC	0.0369
TTGTAT	0.1130
TTGTCA	0.6557
TTGTCC	-0.0708
TTGTCG	0.4617
TTGTCT	-0.0018
TTGTGC	-0.2174
TTGTGG	0.0701
TTGTGT	0.6091
TTGTTA	1.2520
TTGTTC	0.1057
TTGTTG	0.6807
TTGTTT	0.4137
TTTAAA	0.0142
TTTAAC	-1.2674
TTTAAG	-1.0286
TTTAAT	-0.4200
TTTACA	-0.8850
TTTACC	-1.2184
TTTACG	-0.6535
TTTACT	-0.7680
TTTAGA	-0.4306
TTTAGC	-1.1389
TTTAGG	-0.2775
TTTAGT	-1.4483
TTTATA	-0.6736
TTTATC	-1.1251
TTTATG	-0.9000
TTTATT	-0.5327
TTTCAA	0.0077
TTTCAC	-0.7927
TTTCAG	-0.9189
TTTCAT	-0.0064
TTTCCA	-0.0488
TTTCCC	-0.3660
TTTCCG	-0.7312
TTTCCT	0.2770
TTTCGA	-0.0718
TTTCGC	-0.9948
TTTCGG	-0.9450
TTTCGT	-0.3125
TTTCTA	-0.4629
TTTCTC	-1.0522
TTTCTG	-1.1011
TTTCTT	-0.4981
TTTGAA	0.7825
TTTGAC	0.7705
TTTGAG	0.8931
TTTGAT	0.8892
TTTGCA	0.5456
TTTGCC	0.3672
TTTGCG	0.6696
TTTGCT	0.6049
TTTGGA	1.0391
TTTGGC	0.4237
TTTGGG	0.6005
TTTGGT	0.6779
TTTGTA	0.6245
TTTGTC	0.3039
TTTGTG	0.6159
TTTGTT	0.5366
TTTTAC	-0.6859
TTTTAT	-0.1119
TTTTCA	-0.1507
TTTTCC	-0.7927
TTTTCG	-0.6774
TTTTCT	-0.3813
TTTTGC	-0.5877
TTTTGG	-0.7505
TTTTGT	-0.8695
TTTTTA	0.1480
TTTTTC	-1.0211
TTTTTG	-0.1175
TTTTTT	-1.0276
