# Cr tRNA gene copy numbers by anticodon (5'->3', DNA). Source: GtRNAdb
# genome Crein5 (tRNAscan-SE 2.0), 295 high-confidence genes. Used for tAI.
anticodon	count
AAA	0
AAC	7
AAG	3
AAT	9
ACA	0
ACC	0
ACG	15
ACT	0
AGA	5
AGC	15
AGG	12
AGT	8
ATA	0
ATC	0
ATG	0
ATT	0
CAA	2
CAC	10
CAG	15
CAT	15
CCA	5
CCC	2
CCG	3
CCT	1
CGA	5
CGC	8
CGG	6
CGT	3
CTC	17
CTG	11
CTT	14
GAA	9
GAC	0
GAG	0
GAT	0
GCA	5
GCC	21
GCG	0
GCT	8
GGA	0
GGC	0
GGG	0
GGT	0
GTA	9
GTC	16
GTG	5
GTT	12
TAA	1
TAC	1
TAG	1
TAT	1
TCA	1
TCC	2
TCG	1
TCT	1
TGA	1
TGC	3
TGG	2
TGT	1
TTC	1
TTG	1
TTT	1
